"eTable 5. Annual Forecasts of Colorectal Cancer Mortality Rates and Mortality Rates With Selected Contributing Conditions, 2024–2040",,,,,,,,,,,,,
Outcome,Stratification domain,Subgroup,Year,Point forecast,Lower 95% prediction limit,Upper 95% prediction limit,,,,,,,,,,,,
Colorectal cancer,Overall,Both,2024,19.4599341673487,18.6411825045084,20.278685830189,,,,,,,
Colorectal cancer,Overall,Both,2025,19.3475038486974,17.9865945553564,20.7084131420384,,,,,,,
Colorectal cancer,Overall,Both,2026,19.2350735300461,17.3143579752929,21.1557890847992,,,,,,,
Colorectal cancer,Overall,Both,2027,19.1226432113948,16.6075755219504,21.6377109008392,,,,,,,
Colorectal cancer,Overall,Both,2028,19.0102128927435,15.8629419146216,22.1574838708653,,,,,,,
Colorectal cancer,Overall,Both,2029,18.8977825740922,15.0804033149184,22.7151618332659,,,,,,,
Colorectal cancer,Overall,Both,2030,18.7853522554409,14.2608894516608,23.3098150592209,,,,,,,
Colorectal cancer,Overall,Both,2031,18.6729219367896,13.4056227087825,23.9402211647966,,,,,,,
Colorectal cancer,Overall,Both,2032,18.5604916181383,12.5158737082561,24.6051095280204,,,,,,,
Colorectal cancer,Overall,Both,2033,18.4480612994869,11.5928701275005,25.3032524714734,,,,,,,
Colorectal cancer,Overall,Both,2034,18.3356309808356,10.6377643331352,26.0334976285361,,,,,,,
Colorectal cancer,Overall,Both,2035,18.2232006621843,9.65162500628899,26.7947763180797,,,,,,,
Colorectal cancer,Overall,Both,2036,18.110770343533,8.6354387036518,27.5861019834143,,,,,,,
Colorectal cancer,Overall,Both,2037,17.9983400248817,7.59011533989603,28.4065647098674,,,,,,,
Colorectal cancer,Overall,Both,2038,17.8859097062304,6.51649493539246,29.2553244770684,,,,,,,
Colorectal cancer,Overall,Both,2039,17.7734793875791,5.41535445356428,30.1316043215939,,,,,,,
Colorectal cancer,Overall,Both,2040,17.6610490689278,4.28741422877927,31.0346839090763,,,,,,,
Colorectal cancer,Age group,55-64 years,2024,24.3136083107198,23.0605077218291,25.5667088996105,,,,,,,
Colorectal cancer,Age group,55-64 years,2025,24.3693194074396,22.3756456039132,26.3629932109659,,,,,,,
Colorectal cancer,Age group,55-64 years,2026,24.4250305041594,21.7064873431164,27.1435736652023,,,,,,,
Colorectal cancer,Age group,55-64 years,2027,24.4807416008791,21.0174280707289,27.9440551310294,,,,,,,
Colorectal cancer,Age group,55-64 years,2028,24.5364526975989,20.2980590425264,28.7748463526715,,,,,,,
Colorectal cancer,Age group,55-64 years,2029,24.5921637943187,19.5448029104853,29.6395246781521,,,,,,,
Colorectal cancer,Age group,55-64 years,2030,24.6478748910385,18.7565924815386,30.5391573005384,,,,,,,
Colorectal cancer,Age group,55-64 years,2031,24.7035859877583,17.9334231494403,31.4737488260762,,,,,,,
Colorectal cancer,Age group,55-64 years,2032,24.759297084478,17.0757695319985,32.4428246369576,,,,,,,
Colorectal cancer,Age group,55-64 years,2033,24.8150081811978,16.1843225029286,33.445693859467,,,,,,,
Colorectal cancer,Age group,55-64 years,2034,24.8707192779176,15.259861969075,34.4815765867603,,,,,,,
Colorectal cancer,Age group,55-64 years,2035,24.9264303746374,14.3031926891313,35.5496680601435,,,,,,,
Colorectal cancer,Age group,55-64 years,2036,24.9821414713572,13.3151113486552,36.6491715940592,,,,,,,
Colorectal cancer,Age group,55-64 years,2037,25.037852568077,12.2963898747181,37.7793152614358,,,,,,,
Colorectal cancer,Age group,55-64 years,2038,25.0935636647967,11.2477674637506,38.9393598658429,,,,,,,
Colorectal cancer,Age group,55-64 years,2039,25.1492747615165,10.1699473740981,40.128602148935,,,,,,,
Colorectal cancer,Age group,55-64 years,2040,25.2049858582363,9.06359633770787,41.3463753787648,,,,,,,
Colorectal cancer,Census region,South,2024,21.1221843975309,20.1832249126529,22.0611438824089,,,,,,,
Colorectal cancer,Census region,South,2025,21.2573589910778,19.5771263238164,22.9375916583392,,,,,,,
Colorectal cancer,Census region,South,2026,21.3210203127645,18.6332402575069,24.008800368022,,,,,,,
Colorectal cancer,Census region,South,2027,21.4215844204086,17.6307216823419,25.2124471584753,,,,,,,
Colorectal cancer,Census region,South,2028,21.5031056906046,16.4670453644658,26.5391660167434,,,,,,,
Colorectal cancer,Census region,South,2029,21.5944535808963,15.2107567628764,27.9781503989162,,,,,,,
Colorectal cancer,Census region,South,2030,21.6807306689628,13.8424177754227,29.519043562503,,,,,,,
Colorectal cancer,Census region,South,2031,21.7696244283727,12.3828124435131,31.1564364132324,,,,,,,
Colorectal cancer,Census region,South,2032,21.8571679144698,10.8306105825507,32.8837252463889,,,,,,,
Colorectal cancer,Census region,South,2033,21.9454081781824,9.1940431103392,34.6967732460257,,,,,,,
Colorectal cancer,Census region,South,2034,22.033288885766,7.47540168271885,36.5911760888132,,,,,,,
Colorectal cancer,Census region,South,2035,22.1213551340545,5.67910410734472,38.5636061607642,,,,,,,
Colorectal cancer,Census region,South,2036,22.2093256383119,3.807800841595,40.6108504350289,,,,,,,
Colorectal cancer,Census region,South,2037,22.2973455490836,1.86448026327525,42.7302108348919,,,,,,,
Colorectal cancer,Census region,South,2038,22.3853399647552,-0.1485007177066,44.9191806472171,,,,,,,
Colorectal cancer,Census region,South,2039,22.4733475365893,-2.22884745507456,47.1755425282531,,,,,,,
Colorectal cancer,Census region,South,2040,22.5613483194871,-4.37455785497817,49.4972544939523,,,,,,,
Colorectal cancer,Census region,Northeast,2024,16.996615452424,15.9938130970362,17.9994178078119,,,,,,,
Colorectal cancer,Census region,Northeast,2025,16.683890210848,15.0759857254893,18.2917946962068,,,,,,,
Colorectal cancer,Census region,Northeast,2026,16.371164969272,14.1647329591418,18.5775969794022,,,,,,,
Colorectal cancer,Census region,Northeast,2027,16.058439727696,13.2328994053906,18.8839800500015,,,,,,,
Colorectal cancer,Census region,Northeast,2028,15.7457144861201,12.2728951801227,19.2185337921174,,,,,,,
Colorectal cancer,Census region,Northeast,2029,15.4329892445441,11.2823460319973,19.5836324570909,,,,,,,
Colorectal cancer,Census region,Northeast,2030,15.1202640029681,10.2607493198579,19.9797786860783,,,,,,,
Colorectal cancer,Census region,Northeast,2031,14.8075387613921,9.20836784332332,20.4067096794608,,,,,,,
Colorectal cancer,Census region,Northeast,2032,14.4948135198161,8.12579126156148,20.8638357780707,,,,,,,
Colorectal cancer,Census region,Northeast,2033,14.1820882782401,7.01374251162968,21.3504340448505,,,,,,,
Colorectal cancer,Census region,Northeast,2034,13.8693630366641,5.87298673952208,21.8657393338061,,,,,,,
Colorectal cancer,Census region,Northeast,2035,13.5566377950881,4.70428711864551,22.4089884715307,,,,,,,
Colorectal cancer,Census region,Northeast,2036,13.2439125535121,3.50838348342715,22.9794416235971,,,,,,,
Colorectal cancer,Census region,Northeast,2037,12.9311873119361,2.28598254087169,23.5763920830006,,,,,,,
Colorectal cancer,Census region,Northeast,2038,12.6184620703602,1.03775410693597,24.1991700337843,,,,,,,
Colorectal cancer,Census region,Northeast,2039,12.3057368287842,-0.235669496994031,24.8471431545624,,,,,,,
Colorectal cancer,Census region,Northeast,2040,11.9930115872082,-1.53369241286088,25.5197155872772,,,,,,,
Heart Failure,Overall,Both,2024,0.678246445891087,0.598275016784602,0.758217874997573,,,,,,,
Heart Failure,Overall,Both,2025,0.688075833782175,0.561765178524773,0.814386489039576,,,,,,,
Heart Failure,Overall,Both,2026,0.697905221673262,0.526702365609781,0.869108077736743,,,,,,,
Heart Failure,Overall,Both,2027,0.70773460956435,0.490715947230481,0.924753271898218,,,,,,,
Heart Failure,Overall,Both,2028,0.717563997455437,0.45308717670955,0.982040818201324,,,,,,,
Heart Failure,Overall,Both,2029,0.727393385346525,0.413551632060039,1.04123513863301,,,,,,,
Heart Failure,Overall,Both,2030,0.737222773237612,0.372015115277017,1.10243043119821,,,,,,,
Heart Failure,Overall,Both,2031,0.747052161128699,0.328457473939687,1.16564684831771,,,,,,,
Heart Failure,Overall,Both,2032,0.756881549019787,0.282893317430669,1.2308697806089,,,,,,,
Heart Failure,Overall,Both,2033,0.766710936910874,0.235354004605451,1.2980678692163,,,,,,,
Heart Failure,Overall,Both,2034,0.776540324801962,0.185878737203232,1.36720191240069,,,,,,,
Heart Failure,Overall,Both,2035,0.786369712693049,0.134509934978949,1.43822949040715,,,,,,,
Heart Failure,Overall,Both,2036,0.796199100584137,0.081290765782301,1.51110743538597,,,,,,,
Heart Failure,Overall,Both,2037,0.806028488475224,0.0262638158865921,1.58579316106386,,,,,,,
Heart Failure,Overall,Both,2038,0.815857876366312,-0.0305296138504781,1.6622453665831,,,,,,,
Heart Failure,Overall,Both,2039,0.825687264257399,-0.0890498594854963,1.74042438800029,,,,,,,
Heart Failure,Overall,Both,2040,0.835516652148486,-0.149259044109669,1.82029234840664,,,,,,,
Heart Failure,Sex,Female,2024,0.49208465419411,0.418952702925732,0.565216605462488,,,,,,,
Heart Failure,Sex,Female,2025,0.490040393388219,0.377539546612997,0.602541240163442,,,,,,,
Heart Failure,Sex,Female,2026,0.487996132582329,0.338899903997835,0.637092361166823,,,,,,,
Heart Failure,Sex,Female,2027,0.485951871776439,0.300551689611188,0.67135205394169,,,,,,,
Heart Failure,Sex,Female,2028,0.483907610970548,0.261663876023616,0.70615134591748,,,,,,,
Heart Failure,Sex,Female,2029,0.481863350164658,0.221878645617378,0.741848054711937,,,,,,,
Heart Failure,Sex,Female,2030,0.479819089358767,0.181025272714773,0.778612906002762,,,,,,,
Heart Failure,Sex,Female,2031,0.477774828552877,0.139020369964855,0.816529287140899,,,,,,,
Heart Failure,Sex,Female,2032,0.475730567746987,0.0958256160341583,0.855635519459815,,,,,,,
Heart Failure,Sex,Female,2033,0.473686306941096,0.051427472901679,0.895945140980514,,,,,,,
Heart Failure,Sex,Female,2034,0.471642046135206,0.005826583027632,0.93745750924278,,,,,,,
Heart Failure,Sex,Female,2035,0.469597785329316,-0.0409681274233548,0.980163698081986,,,,,,,
Heart Failure,Sex,Female,2036,0.467553524523425,-0.0889428819344373,1.02404993098129,,,,,,,
Heart Failure,Sex,Female,2037,0.465509263717535,-0.138081122031294,1.06909964946636,,,,,,,
Heart Failure,Sex,Female,2038,0.463465002911644,-0.188364784732597,1.11529479055589,,,,,,,
Heart Failure,Sex,Female,2039,0.461420742105754,-0.239775104978299,1.16261658918981,,,,,,,
Heart Failure,Sex,Female,2040,0.459376481299864,-0.292293124433154,1.21104608703288,,,,,,,
Heart Failure,Sex,Male,2024,0.932487646143105,0.817133276849028,1.04784201543718,,,,,,,
Heart Failure,Sex,Male,2025,0.95877134328621,0.778643941888755,1.13889874468366,,,,,,,
Heart Failure,Sex,Male,2026,0.985055040429315,0.743239422948519,1.22687065791011,,,,,,,
Heart Failure,Sex,Male,2027,1.01133873757242,0.707282148947519,1.31539532619732,,,,,,,
Heart Failure,Sex,Male,2028,1.03762243471552,0.669614592923122,1.40563027650793,,,,,,,
Heart Failure,Sex,Male,2029,1.06390613185863,0.629774904391853,1.49803735932541,,,,,,,
Heart Failure,Sex,Male,2030,1.09018982900173,0.587568794413788,1.59281086358968,,,,,,,
Heart Failure,Sex,Male,2031,1.11647352614484,0.542922517892943,1.69002453439674,,,,,,,
Heart Failure,Sex,Male,2032,1.14275722328794,0.495821732816089,1.7896927137598,,,,,,,
Heart Failure,Sex,Male,2033,1.16904092043105,0.446282830952379,1.89179900990972,,,,,,,
Heart Failure,Sex,Male,2034,1.19532461757415,0.394338361454937,1.99631087369337,,,,,,,
Heart Failure,Sex,Male,2035,1.22160831471726,0.340029191332493,2.10318743810202,,,,,,,
Heart Failure,Sex,Male,2036,1.24789201186036,0.283400123353523,2.2123839003672,,,,,,,
Heart Failure,Sex,Male,2037,1.27417570900347,0.224497386222854,2.32385403178408,,,,,,,
Heart Failure,Sex,Male,2038,1.30045940614657,0.163367181237499,2.43755163105565,,,,,,,
Heart Failure,Sex,Male,2039,1.32674310328968,0.100054844156312,2.55343136242304,,,,,,,
Heart Failure,Sex,Male,2040,1.35302680043278,0.0346043738345456,2.67144922703102,,,,,,,
Heart Failure,Race and ethnicity,NH White,2024,0.6992293433163,0.619493631124335,0.778965055508266,,,,,,,
Heart Failure,Race and ethnicity,NH White,2025,0.699487239230645,0.571998657007361,0.826975821453929,,,,,,,
Heart Failure,Race and ethnicity,NH White,2026,0.694254866175933,0.486247319835991,0.902262412515874,,,,,,,
Heart Failure,Race and ethnicity,NH White,2027,0.693153500343867,0.407847268550377,0.978459732137356,,,,,,,
Heart Failure,Race and ethnicity,NH White,2028,0.688943867727471,0.308448054791462,1.06943968066348,,,,,,,
Heart Failure,Race and ethnicity,NH White,2029,0.687072967987068,0.209271960341493,1.16487397563264,,,,,,,
Heart Failure,Race and ethnicity,NH White,2030,0.683442350743385,0.0966086419614831,1.27027605952529,,,,,,,
Heart Failure,Race and ethnicity,NH White,2031,0.681135786247726,-0.0188212252879766,1.38109279778343,,,,,,,
Heart Failure,Race and ethnicity,NH White,2032,0.677832973390451,-0.1439405723098,1.4996065190907,,,,,,,
Heart Failure,Race and ethnicity,NH White,2033,0.675279761181264,-0.273098633412057,1.62365815577459,,,,,,,
Heart Failure,Race and ethnicity,NH White,2034,0.672162531852187,-0.409850359799106,1.75417542350348,,,,,,,
Heart Failure,Race and ethnicity,NH White,2035,0.669469682240951,-0.551128211790584,1.89006757627249,,,,,,,
Heart Failure,Race and ethnicity,NH White,2036,0.666457519370305,-0.698760427744503,2.03167546648511,,,,,,,
Heart Failure,Race and ethnicity,NH White,2037,0.663685615289956,-0.85103754470017,2.17840877528008,,,,,,,
Heart Failure,Race and ethnicity,NH White,2038,0.660732934857189,-1.00888709385296,2.33035296356734,,,,,,,
Heart Failure,Race and ethnicity,NH White,2039,0.657916274794596,-1.17132921712947,2.48716176671866,,,,,,,
Heart Failure,Race and ethnicity,NH White,2040,0.654997269813241,-1.33881771165193,2.64881225127841,,,,,,,
Heart Failure,Race and ethnicity,NH Black,2024,0.986442844,0.79508115424563,1.17780453375437,,,,,,,
Heart Failure,Race and ethnicity,NH Black,2025,0.986442844,0.715816547030737,1.25706914096926,,,,,,,
Heart Failure,Race and ethnicity,NH Black,2026,0.986442844,0.654994674723198,1.3178910132768,,,,,,,
Heart Failure,Race and ethnicity,NH Black,2027,0.986442844,0.603719464491259,1.36916622350874,,,,,,,
Heart Failure,Race and ethnicity,NH Black,2028,0.986442844,0.558545097420003,1.41434059058,,,,,,,
Heart Failure,Race and ethnicity,NH Black,2029,0.986442844,0.517704347785013,1.45518134021499,,,,,,,
Heart Failure,Race and ethnicity,NH Black,2030,0.986442844,0.480147402444839,1.49273828555516,,,,,,,
Heart Failure,Race and ethnicity,NH Black,2031,0.986442844,0.445190250061473,1.52769543793853,,,,,,,
Heart Failure,Race and ethnicity,NH Black,2032,0.986442844,0.412357774736889,1.56052791326311,,,,,,,
Heart Failure,Race and ethnicity,NH Black,2033,0.986442844,0.381304047477682,1.59158164052232,,,,,,,
Heart Failure,Race and ethnicity,NH Black,2034,0.986442844,0.351767919836356,1.62111776816364,,,,,,,
Heart Failure,Race and ethnicity,NH Black,2035,0.986442844,0.323546505446395,1.6493391825536,,,,,,,
Heart Failure,Race and ethnicity,NH Black,2036,0.986442844,0.296478459431185,1.67640722856881,,,,,,,
Heart Failure,Race and ethnicity,NH Black,2037,0.986442844,0.270432963985016,1.70245272401498,,,,,,,
Heart Failure,Race and ethnicity,NH Black,2038,0.986442844,0.245302206479213,1.72758348152079,,,,,,,
Heart Failure,Race and ethnicity,NH Black,2039,0.986442844,0.220996084982518,1.75188960301748,,,,,,,
Heart Failure,Race and ethnicity,NH Black,2040,0.986442844,0.197438384446054,1.77544730355395,,,,,,,
Heart Failure,Age group,55-64 years,2024,0.422894495,0.34573926212978,0.50004972787022,,,,,,,
Heart Failure,Age group,55-64 years,2025,0.422894495,0.31378051826688,0.53200847173312,,,,,,,
Heart Failure,Age group,55-64 years,2026,0.422894495,0.28925771159897,0.55653127840103,,,,,,,
Heart Failure,Age group,55-64 years,2027,0.422894495,0.26858402925956,0.57720496074044,,,,,,,
Heart Failure,Age group,55-64 years,2028,0.422894495,0.250370149482361,0.595418840517638,,,,,,,
Heart Failure,Age group,55-64 years,2029,0.422894495,0.233903543482348,0.611885446517652,,,,,,,
Heart Failure,Age group,55-64 years,2030,0.422894495,0.218760936478121,0.627028053521879,,,,,,,
Heart Failure,Age group,55-64 years,2031,0.422894495,0.20466654153376,0.64112244846624,,,,,,,
Heart Failure,Age group,55-64 years,2032,0.422894495,0.191428796389339,0.65436019361066,,,,,,,
Heart Failure,Age group,55-64 years,2033,0.422894495,0.178908225729414,0.666880764270586,,,,,,,
Heart Failure,Age group,55-64 years,2034,0.422894495,0.166999536956984,0.678789453043016,,,,,,,
Heart Failure,Age group,55-64 years,2035,0.422894495,0.155620928197941,0.690168061802059,,,,,,,
Heart Failure,Age group,55-64 years,2036,0.422894495,0.144707346716057,0.701081643283943,,,,,,,
Heart Failure,Age group,55-64 years,2037,0.422894495,0.134206048002877,0.711582941997123,,,,,,,
Heart Failure,Age group,55-64 years,2038,0.422894495,0.124073563020882,0.721715426979118,,,,,,,
Heart Failure,Age group,55-64 years,2039,0.422894495,0.114273563519119,0.731515426480881,,,,,,,
Heart Failure,Age group,55-64 years,2040,0.422894495,0.104775320306955,0.741013669693045,,,,,,,
Heart Failure,Age group,65-74 years,2024,1.28000002176072,1.06861855768614,1.4913814858353,,,,,,,
Heart Failure,Age group,65-74 years,2025,1.30066997212264,1.0454857877541,1.55585415649117,,,,,,,
Heart Failure,Age group,65-74 years,2026,1.36612926386672,1.01375299844223,1.71850552929122,,,,,,,
Heart Failure,Age group,65-74 years,2027,1.4046212429938,0.977367249063609,1.83187523692399,,,,,,,
Heart Failure,Age group,65-74 years,2028,1.45935003041815,0.936544474526168,1.98215558631014,,,,,,,
Heart Failure,Age group,65-74 years,2029,1.50430276238505,0.889130397953217,2.11947512681688,,,,,,,
Heart Failure,Age group,65-74 years,2030,1.55514158098655,0.837652529408612,2.27263063256449,,,,,,,
Heart Failure,Age group,65-74 years,2031,1.60243643279891,0.780501209528885,2.42437165606893,,,,,,,
Heart Failure,Age group,65-74 years,2032,1.65186507933469,0.719223321810809,2.58450683685858,,,,,,,
Heart Failure,Age group,65-74 years,2033,1.7000089847336,0.653080444331874,2.74693752513533,,,,,,,
Heart Failure,Age group,65-74 years,2034,1.7489264227365,0.582859833805953,2.91499301166704,,,,,,,
Heart Failure,Age group,65-74 years,2035,1.79737812280024,0.508305045835741,3.08645119976474,,,,,,,
Heart Failure,Age group,65-74 years,2036,1.84611024003948,0.429814827332828,3.26240565274613,,,,,,,
Heart Failure,Age group,65-74 years,2037,1.89467352028757,0.34734477573088,3.44200226484425,,,,,,,
Heart Failure,Age group,65-74 years,2038,1.94333845596932,0.261114306970628,3.625562604968,,,,,,,
Heart Failure,Age group,65-74 years,2039,1.99194218570844,0.171160225310927,3.81272414610595,,,,,,,
Heart Failure,Age group,65-74 years,2040,2.04058276706757,0.0776202512332751,4.00354528290186,,,,,,,
Heart Failure,Age group,75-84 years,2024,3.320975494,2.78587698434211,3.85607400365789,,,,,,,
Heart Failure,Age group,75-84 years,2025,3.320975494,2.56423192443618,4.07771906356382,,,,,,,
Heart Failure,Age group,75-84 years,2026,3.320975494,2.39415768821814,4.24779329978186,,,,,,,
Heart Failure,Age group,75-84 years,2027,3.320975494,2.25077847468421,4.39117251331579,,,,,,,
Heart Failure,Age group,75-84 years,2028,3.320975494,2.12445885174612,4.51749213625388,,,,,,,
Heart Failure,Age group,75-84 years,2029,3.320975494,2.01025718321442,4.63169380478558,,,,,,,
Heart Failure,Age group,75-84 years,2030,3.320975494,1.90523791052392,4.73671307747608,,,,,,,
Heart Failure,Age group,75-84 years,2031,3.320975494,1.80748835487235,4.83446263312765,,,,,,,
Heart Failure,Age group,75-84 years,2032,3.320975494,1.71567996502632,4.92627102297368,,,,,,,
Heart Failure,Age group,75-84 years,2033,3.320975494,1.62884543091945,5.01310555708055,,,,,,,
Heart Failure,Age group,75-84 years,2034,3.320975494,1.5462545115864,5.0956964764136,,,,,,,
Heart Failure,Age group,75-84 years,2035,3.320975494,1.46733988243629,5.17461110556371,,,,,,,
Heart Failure,Age group,75-84 years,2036,3.320975494,1.3916503800041,5.2503006079959,,,,,,,
Heart Failure,Age group,75-84 years,2037,3.320975494,1.31882020268681,5.32313078531318,,,,,,,
Heart Failure,Age group,75-84 years,2038,3.320975494,1.24854787751457,5.39340311048543,,,,,,,
Heart Failure,Age group,75-84 years,2039,3.320975494,1.18058145536843,5.46136953263157,,,,,,,
Heart Failure,Age group,75-84 years,2040,3.320975494,1.11470781856991,5.52724316943009,,,,,,,
Heart Failure,Age group,85+ years,2024,10.1589565548525,8.28061952720173,12.0372935825032,,,,,,,
Heart Failure,Age group,85+ years,2025,10.2290992637049,7.30730338044182,13.150895146968,,,,,,,
Heart Failure,Age group,85+ years,2026,10.2992419725574,6.38964565111222,14.2088382940025,,,,,,,
Heart Failure,Age group,85+ years,2027,10.3693846814098,5.46723959546166,15.271529767358,,,,,,,
Heart Failure,Age group,85+ years,2028,10.4395273902623,4.52058659488619,16.3584681856384,,,,,,,
Heart Failure,Age group,85+ years,2029,10.5096700991147,3.54173178870099,17.4776084095285,,,,,,,
Heart Failure,Age group,85+ years,2030,10.5798128079672,2.52719467881147,18.6324309371229,,,,,,,
Heart Failure,Age group,85+ years,2031,10.6499555168196,1.47553110639345,19.8243799272458,,,,,,,
Heart Failure,Age group,85+ years,2032,10.7200982256721,0.386313938286813,21.0538825130574,,,,,,,
Heart Failure,Age group,85+ years,2033,10.7902409345245,-0.740348029418147,22.3208298984672,,,,,,,
Heart Failure,Age group,85+ years,2034,10.860383643377,-1.90405663220155,23.6248239189556,,,,,,,
Heart Failure,Age group,85+ years,2035,10.9305263522295,-3.1042582415249,24.9653109459838,,,,,,,
Heart Failure,Age group,85+ years,2036,11.0006690610819,-4.34031952514826,26.3416576473121,,,,,,,
Heart Failure,Age group,85+ years,2037,11.0708117699344,-5.61157151281995,27.7531950526887,,,,,,,
Heart Failure,Age group,85+ years,2038,11.1409544787868,-6.91733563897743,29.1992445965511,,,,,,,
Heart Failure,Age group,85+ years,2039,11.2110971876393,-8.25693919437261,30.6791335696512,,,,,,,
Heart Failure,Age group,85+ years,2040,11.2812398964917,-9.62972439474406,32.1922041877275,,,,,,,
Heart Failure,Census region,South,2024,0.76026047422838,0.674846039359513,0.845674909097246,,,,,,,
Heart Failure,Census region,South,2025,0.78462925445676,0.649727718709328,0.919530790204191,,,,,,,
Heart Failure,Census region,South,2026,0.808998034685139,0.626157831600438,0.99183823776984,,,,,,,
Heart Failure,Census region,South,2027,0.833366814913519,0.601603754634284,1.06512987519275,,,,,,,
Heart Failure,Census region,South,2028,0.857735595141899,0.575297465705111,1.14017372457869,,,,,,,
Heart Failure,Census region,South,2029,0.882104375370279,0.546956309154416,1.21725244158614,,,,,,,
Heart Failure,Census region,South,2030,0.906473155598658,0.516479504406297,1.29646680679102,,,,,,,
Heart Failure,Census region,South,2031,0.930841935827038,0.483845396823643,1.37783847483043,,,,,,,
Heart Failure,Census region,South,2032,0.955210716055418,0.449069486856356,1.46135194525448,,,,,,,
Heart Failure,Census region,South,2033,0.979579496283797,0.412185183757112,1.54697380881048,,,,,,,
Heart Failure,Census region,South,2034,1.00394827651218,0.373234287660332,1.63466226536402,,,,,,,
Heart Failure,Census region,South,2035,1.02831705674056,0.332262046481042,1.72437206700007,,,,,,,
Heart Failure,Census region,South,2036,1.05268583696894,0.289314515471695,1.81605715846618,,,,,,,
Heart Failure,Census region,South,2037,1.07705461719732,0.244437135312908,1.90967209908173,,,,,,,
Heart Failure,Census region,South,2038,1.1014233974257,0.197673979086991,2.0051728157644,,,,,,,
Heart Failure,Census region,South,2039,1.12579217765408,0.149067375888808,2.10251697941935,,,,,,,
Heart Failure,Census region,South,2040,1.15016095788246,0.0986577497456442,2.20166416601927,,,,,,,
Heart Failure,Census region,Northeast,2024,0.567230072,0.437823094855958,0.696637049144041,,,,,,,
Heart Failure,Census region,Northeast,2025,0.567230072,0.384220969857191,0.750239174142809,,,,,,,
Heart Failure,Census region,Northeast,2026,0.567230072,0.343090612732616,0.791369531267384,,,,,,,
Heart Failure,Census region,Northeast,2027,0.567230072,0.308416117711917,0.826044026288083,,,,,,,
Heart Failure,Census region,Northeast,2028,0.567230072,0.277867274343161,0.856592869656838,,,,,,,
Heart Failure,Census region,Northeast,2029,0.567230072,0.250249008841093,0.884211135158907,,,,,,,
Heart Failure,Census region,Northeast,2030,0.567230072,0.224851392560247,0.909608751439753,,,,,,,
Heart Failure,Census region,Northeast,2031,0.567230072,0.201211867714383,0.933248276285617,,,,,,,
Heart Failure,Census region,Northeast,2032,0.567230072,0.179009140567875,0.955451003432125,,,,,,,
Heart Failure,Census region,Northeast,2033,0.567230072,0.158009279107477,0.976450864892523,,,,,,,
Heart Failure,Census region,Northeast,2034,0.567230072,0.138035683559117,0.996424460440883,,,,,,,
Heart Failure,Census region,Northeast,2035,0.567230072,0.118951153465231,1.01550899053477,,,,,,,
Heart Failure,Census region,Northeast,2036,0.567230072,0.100646580504362,1.03381356349564,,,,,,,
Heart Failure,Census region,Northeast,2037,0.567230072,0.0830335000689104,1.05142664393109,,,,,,,
Heart Failure,Census region,Northeast,2038,0.567230072,0.0660390046380832,1.06842113936192,,,,,,,
Heart Failure,Census region,Northeast,2039,0.567230072,0.0496021634238338,1.08485798057617,,,,,,,
Heart Failure,Census region,Northeast,2040,0.567230072,0.0336714365432262,1.10078870745677,,,,,,,
Ischemic Heart Disease,Overall,Both,2024,0.820636253206638,0.748462576468503,0.892809929944773,,,,,,,
Ischemic Heart Disease,Overall,Both,2025,0.823003806449375,0.718174601680305,0.927833011218445,,,,,,,
Ischemic Heart Disease,Overall,Both,2026,0.825371359692112,0.673219356426546,0.977523362957677,,,,,,,
Ischemic Heart Disease,Overall,Both,2027,0.827738912934848,0.617885651421322,1.03759217444837,,,,,,,
Ischemic Heart Disease,Overall,Both,2028,0.830106466177585,0.554425886590862,1.10578704576431,,,,,,,
Ischemic Heart Disease,Overall,Both,2029,0.832474019420322,0.484076909994479,1.18087112884617,,,,,,,
Ischemic Heart Disease,Overall,Both,2030,0.834841572663059,0.407609990226513,1.2620731550996,,,,,,,
Ischemic Heart Disease,Overall,Both,2031,0.837209125905795,0.325560065059922,1.34885818675167,,,,,,,
Ischemic Heart Disease,Overall,Both,2032,0.839576679148532,0.238327565108181,1.44082579318888,,,,,,,
Ischemic Heart Disease,Overall,Both,2033,0.841944232391269,0.14622864824851,1.53765981653403,,,,,,,
Ischemic Heart Disease,Overall,Both,2034,0.844311785634006,0.0495225468435069,1.6391010244245,,,,,,,
Ischemic Heart Disease,Overall,Both,2035,0.846679338876742,-0.0515722513511204,1.74493092910461,,,,,,,
Ischemic Heart Disease,Overall,Both,2036,0.849046892119479,-0.156867752244817,1.85496153648378,,,,,,,
Ischemic Heart Disease,Overall,Both,2037,0.851414445362216,-0.266199590552916,1.96902848127735,,,,,,,
Ischemic Heart Disease,Overall,Both,2038,0.853781998604953,-0.379422220455744,2.08698621766565,,,,,,,
Ischemic Heart Disease,Overall,Both,2039,0.856149551847689,-0.496405419910822,2.2087045236062,,,,,,,
Ischemic Heart Disease,Overall,Both,2040,0.858517105090426,-0.617031671606413,2.33406588178727,,,,,,,
Ischemic Heart Disease,Sex,Female,2024,0.528129606683506,0.443799354149719,0.612459859217292,,,,,,,
Ischemic Heart Disease,Sex,Female,2025,0.523314421082656,0.412932683680328,0.633696158484984,,,,,,,
Ischemic Heart Disease,Sex,Female,2026,0.543614556822276,0.387691619883568,0.699537493760985,,,,,,,
Ischemic Heart Disease,Sex,Female,2027,0.55571096355399,0.333073326975306,0.778348600132673,,,,,,,
Ischemic Heart Disease,Sex,Female,2028,0.559246789195513,0.285703984406222,0.832789593984804,,,,,,,
Ischemic Heart Disease,Sex,Female,2029,0.578566346478108,0.234802180615699,0.922330512340517,,,,,,,
Ischemic Heart Disease,Sex,Female,2030,0.585797495421319,0.169050601177366,1.00254438966527,,,,,,,
Ischemic Heart Disease,Sex,Female,2031,0.59565916464477,0.108188498844398,1.08312983044514,,,,,,,
Ischemic Heart Disease,Sex,Female,2032,0.611164129468658,0.040050570137798,1.18227768879952,,,,,,,
Ischemic Heart Disease,Sex,Female,2033,0.618259173131727,-0.0353454324062104,1.27186377866966,,,,,,,
Ischemic Heart Disease,Sex,Female,2034,0.631018001938256,-0.108821919564376,1.37085792344089,,,,,,,
Ischemic Heart Disease,Sex,Female,2035,0.64327322525009,-0.189885097552144,1.47643154805232,,,,,,,
Ischemic Heart Disease,Sex,Female,2036,0.652042223052403,-0.274171302414986,1.57825574851979,,,,,,,
Ischemic Heart Disease,Sex,Female,2037,0.665201077666033,-0.359319079359119,1.68972123469118,,,,,,,
Ischemic Heart Disease,Sex,Female,2038,0.675791747294801,-0.450700479087542,1.80228397367714,,,,,,,
Ischemic Heart Disease,Sex,Female,2039,0.686196715747838,-0.543692784992846,1.91608621648852,,,,,,,
Ischemic Heart Disease,Sex,Female,2040,0.698660895025861,-0.639338433292332,2.03666022334405,,,,,,,
Ischemic Heart Disease,Sex,Male,2024,1.13171891524932,0.995841979964291,1.26759585053435,,,,,,,
Ischemic Heart Disease,Sex,Male,2025,1.07738966649865,0.885230661804862,1.26954867119243,,,,,,,
Ischemic Heart Disease,Sex,Male,2026,1.02306041774797,0.787714662257545,1.25840617323839,,,,,,,
Ischemic Heart Disease,Sex,Male,2027,0.968731168997292,0.696977298427228,1.24048503956736,,,,,,,
Ischemic Heart Disease,Sex,Male,2028,0.914401920246614,0.610571856374943,1.21823198411829,,,,,,,
Ischemic Heart Disease,Sex,Male,2029,0.860072671495937,0.527243512234438,1.19290183075744,,,,,,,
Ischemic Heart Disease,Sex,Male,2030,0.80574342274526,0.446246843071448,1.16524000241907,,,,,,,
Ischemic Heart Disease,Sex,Male,2031,0.751414173994583,0.367096164607016,1.13573218338215,,,,,,,
Ischemic Heart Disease,Sex,Male,2032,0.697084925243906,0.28945411938881,1.104715731099,,,,,,,
Ischemic Heart Disease,Sex,Male,2033,0.642755676493229,0.213075079509228,1.07243627347723,,,,,,,
Ischemic Heart Disease,Sex,Male,2034,0.588426427742552,0.137773615738698,1.03907923974641,,,,,,,
Ischemic Heart Disease,Sex,Male,2035,0.534097178991875,0.0634056680110273,1.00478868997272,,,,,,,
Ischemic Heart Disease,Sex,Male,2036,0.479767930241198,-0.0101433270818873,0.969679187564283,,,,,,,
Ischemic Heart Disease,Sex,Male,2037,0.42543868149052,-0.0829662571109245,0.933843620091965,,,,,,,
Ischemic Heart Disease,Sex,Male,2038,0.371109432739843,-0.155139674752789,0.897358540232475,,,,,,,
Ischemic Heart Disease,Sex,Male,2039,0.316780183989166,-0.226727557150962,0.860287925129294,,,,,,,
Ischemic Heart Disease,Sex,Male,2040,0.262450935238489,-0.297784021026913,0.822685891503891,,,,,,,
Ischemic Heart Disease,Race and ethnicity,NH White,2024,0.87832031300111,0.797025972661788,0.959614653340432,,,,,,,
Ischemic Heart Disease,Race and ethnicity,NH White,2025,0.871621980632696,0.76637809155814,0.976865869707252,,,,,,,
Ischemic Heart Disease,Race and ethnicity,NH White,2026,0.864923648264282,0.716469973394298,1.01337732313427,,,,,,,
Ischemic Heart Disease,Race and ethnicity,NH White,2027,0.858225315895868,0.652404170559254,1.06404646123248,,,,,,,
Ischemic Heart Disease,Race and ethnicity,NH White,2028,0.851526983527454,0.577821395430993,1.12523257162391,,,,,,,
Ischemic Heart Disease,Race and ethnicity,NH White,2029,0.84482865115904,0.494739190082391,1.19491811223569,,,,,,,
Ischemic Heart Disease,Race and ethnicity,NH White,2030,0.838130318790626,0.404341301888772,1.27191933569248,,,,,,,
Ischemic Heart Disease,Race and ethnicity,NH White,2031,0.831431986422212,0.307397147742265,1.35546682510216,,,,,,,
Ischemic Heart Disease,Race and ethnicity,NH White,2032,0.824733654053798,0.204452785764491,1.4450145223431,,,,,,,
Ischemic Heart Disease,Race and ethnicity,NH White,2033,0.818035321685384,0.0959221980386765,1.54014844533209,,,,,,,
Ischemic Heart Disease,Race and ethnicity,NH White,2034,0.81133698931697,-0.0178653125330662,1.64053929116701,,,,,,,
Ischemic Heart Disease,Race and ethnicity,NH White,2035,0.804638656948556,-0.136638432770189,1.7459157466673,,,,,,,
Ischemic Heart Disease,Race and ethnicity,NH White,2036,0.797940324580142,-0.260167700133146,1.85604834929343,,,,,,,
Ischemic Heart Disease,Race and ethnicity,NH White,2037,0.791241992211728,-0.388255136358354,1.97073912078181,,,,,,,
Ischemic Heart Disease,Race and ethnicity,NH White,2038,0.784543659843314,-0.520727244823032,2.08981456450966,,,,,,,
Ischemic Heart Disease,Race and ethnicity,NH White,2039,0.7778453274749,-0.657430077687756,2.21312073263756,,,,,,,
Ischemic Heart Disease,Race and ethnicity,NH White,2040,0.771146995106486,-0.798225637669402,2.34051962788237,,,,,,,
Ischemic Heart Disease,Race and ethnicity,NH Black,2024,0.897214566,0.664162710976584,1.13026642102342,,,,,,,
Ischemic Heart Disease,Race and ethnicity,NH Black,2025,0.897214566,0.567629471889677,1.22679966011032,,,,,,,
Ischemic Heart Disease,Race and ethnicity,NH Black,2026,0.897214566,0.493556912301268,1.30087221969873,,,,,,,
Ischemic Heart Disease,Race and ethnicity,NH Black,2027,0.897214566,0.431110855953169,1.36331827604683,,,,,,,
Ischemic Heart Disease,Race and ethnicity,NH Black,2028,0.897214566,0.376094775885217,1.41833435611478,,,,,,,
Ischemic Heart Disease,Race and ethnicity,NH Black,2029,0.897214566,0.326356437583551,1.46807269441645,,,,,,,
Ischemic Heart Disease,Race and ethnicity,NH Black,2030,0.897214566,0.280617315025763,1.51381181697424,,,,,,,
Ischemic Heart Disease,Race and ethnicity,NH Black,2031,0.897214566,0.238044377779355,1.55638475422065,,,,,,,
Ischemic Heart Disease,Race and ethnicity,NH Black,2032,0.897214566,0.198059000929753,1.59637013107025,,,,,,,
Ischemic Heart Disease,Race and ethnicity,NH Black,2033,0.897214566,0.160239891198653,1.63418924080135,,,,,,,
Ischemic Heart Disease,Race and ethnicity,NH Black,2034,0.897214566,0.124269006191027,1.67016012580897,,,,,,,
Ischemic Heart Disease,Race and ethnicity,NH Black,2035,0.897214566,0.0898992586025362,1.70452987339746,,,,,,,
Ischemic Heart Disease,Race and ethnicity,NH Black,2036,0.897214566,0.0569341528710752,1.73749497912892,,,,,,,
Ischemic Heart Disease,Race and ethnicity,NH Black,2037,0.897214566,0.0252143711502673,1.76921476084973,,,,,,,
Ischemic Heart Disease,Race and ethnicity,NH Black,2038,0.897214566,-0.00539138730843403,1.79982051930843,,,,,,,
Ischemic Heart Disease,Race and ethnicity,NH Black,2039,0.897214566,-0.0349928540936625,1.82942198609366,,,,,,,
Ischemic Heart Disease,Race and ethnicity,NH Black,2040,0.897214566,-0.0636828485076764,1.85811198050768,,,,,,,
Ischemic Heart Disease,Age group,45-54 years,2024,0.117953114396453,0.0750248044495329,0.160881424343372,,,,,,,
Ischemic Heart Disease,Age group,45-54 years,2025,0.117953114396453,0.0740310412056202,0.161875187587285,,,,,,,
Ischemic Heart Disease,Age group,45-54 years,2026,0.117953114396453,0.0730592703656406,0.162846958427264,,,,,,,
Ischemic Heart Disease,Age group,45-54 years,2027,0.117953114396453,0.0721080933980398,0.163798135394865,,,,,,,
Ischemic Heart Disease,Age group,45-54 years,2028,0.117953114396453,0.0711762539970313,0.164729974795874,,,,,,,
Ischemic Heart Disease,Age group,45-54 years,2029,0.117953114396453,0.0702626186209946,0.165643610171911,,,,,,,
Ischemic Heart Disease,Age group,45-54 years,2030,0.117953114396453,0.069366160326548,0.166540068466357,,,,,,,
Ischemic Heart Disease,Age group,45-54 years,2031,0.117953114396453,0.068485945240809,0.167420283552096,,,,,,,
Ischemic Heart Disease,Age group,45-54 years,2032,0.117953114396453,0.0676211211639659,0.168285107628939,,,,,,,
Ischemic Heart Disease,Age group,45-54 years,2033,0.117953114396453,0.0667709079059434,0.169135320886962,,,,,,,
Ischemic Heart Disease,Age group,45-54 years,2034,0.117953114396453,0.0659345890451976,0.169971639747708,,,,,,,
Ischemic Heart Disease,Age group,45-54 years,2035,0.117953114396453,0.0651115048619087,0.170794723930996,,,,,,,
Ischemic Heart Disease,Age group,45-54 years,2036,0.117953114396453,0.0643010462472821,0.171605182545623,,,,,,,
Ischemic Heart Disease,Age group,45-54 years,2037,0.117953114396453,0.0635026494290598,0.172403579363845,,,,,,,
Ischemic Heart Disease,Age group,45-54 years,2038,0.117953114396453,0.0627157913834091,0.173190437409496,,,,,,,
Ischemic Heart Disease,Age group,45-54 years,2039,0.117953114396453,0.0619399858270776,0.173966242965828,,,,,,,
Ischemic Heart Disease,Age group,45-54 years,2040,0.117953114396453,0.0611747797025628,0.174731449090342,,,,,,,
Ischemic Heart Disease,Age group,55-64 years,2024,0.563859327,0.450943119076529,0.676775534923471,,,,,,,
Ischemic Heart Disease,Age group,55-64 years,2025,0.563859327,0.404171694342887,0.723546959657113,,,,,,,
Ischemic Heart Disease,Age group,55-64 years,2026,0.563859327,0.368282717878537,0.759435936121463,,,,,,,
Ischemic Heart Disease,Age group,55-64 years,2027,0.563859327,0.338026911153058,0.789691742846942,,,,,,,
Ischemic Heart Disease,Age group,55-64 years,2028,0.563859327,0.311371010321619,0.816347643678381,,,,,,,
Ischemic Heart Disease,Age group,55-64 years,2029,0.563859327,0.287272233897486,0.840446420102514,,,,,,,
Ischemic Heart Disease,Age group,55-64 years,2030,0.563859327,0.265111121846035,0.862607532153965,,,,,,,
Ischemic Heart Disease,Age group,55-64 years,2031,0.563859327,0.244484061685775,0.883234592314225,,,,,,,
Ischemic Heart Disease,Age group,55-64 years,2032,0.563859327,0.225110703229588,0.902607950770412,,,,,,,
Ischemic Heart Disease,Age group,55-64 years,2033,0.563859327,0.206786925212681,0.920931728787319,,,,,,,
Ischemic Heart Disease,Age group,55-64 years,2034,0.563859327,0.189358632568092,0.938360021431908,,,,,,,
Ischemic Heart Disease,Age group,55-64 years,2035,0.563859327,0.172706108757074,0.955012545242926,,,,,,,
Ischemic Heart Disease,Age group,55-64 years,2036,0.563859327,0.156734149500973,0.970984504499027,,,,,,,
Ischemic Heart Disease,Age group,55-64 years,2037,0.563859327,0.141365563536643,0.986353090463357,,,,,,,
Ischemic Heart Disease,Age group,55-64 years,2038,0.563859327,0.126536734195504,1.0011819198045,,,,,,,
Ischemic Heart Disease,Age group,55-64 years,2039,0.563859327,0.112194495306117,1.01552415869388,,,,,,,
Ischemic Heart Disease,Age group,55-64 years,2040,0.563859327,0.0982938748873241,1.02942477911268,,,,,,,
Ischemic Heart Disease,Age group,65-74 years,2024,1.5181877975,1.20815412725149,1.82822146774851,,,,,,,
Ischemic Heart Disease,Age group,65-74 years,2025,1.444922574,1.00646875274224,1.88337639525776,,,,,,,
Ischemic Heart Disease,Age group,65-74 years,2026,1.3716573505,0.834663281572517,1.90865141942748,,,,,,,
Ischemic Heart Disease,Age group,65-74 years,2027,1.298392127,0.67832478650297,1.91845946749703,,,,,,,
Ischemic Heart Disease,Age group,65-74 years,2028,1.2251269035,0.531870541510566,1.91838326548943,,,,,,,
Ischemic Heart Disease,Age group,65-74 years,2029,1.15186168,0.39243738480884,1.91128597519116,,,,,,,
Ischemic Heart Disease,Age group,65-74 years,2030,1.0785964565,0.258324466965825,1.89886844603418,,,,,,,
Ischemic Heart Disease,Age group,65-74 years,2031,1.005331233,0.128423590484484,1.88223887551552,,,,,,,
Ischemic Heart Disease,Age group,65-74 years,2032,0.9320660095,0.00196499875445522,1.86216702024555,,,,,,,
Ischemic Heart Disease,Age group,65-74 years,2033,0.858800786,-0.121611763326889,1.83921333532689,,,,,,,
Ischemic Heart Disease,Age group,65-74 years,2034,0.7855355625,-0.242729794091096,1.8138009190911,,,,,,,
Ischemic Heart Disease,Age group,65-74 years,2035,0.712270339,-0.361717798854966,1.78625847685497,,,,,,,
Ischemic Heart Disease,Age group,65-74 years,2036,0.6390051155,-0.478837179701315,1.75684741070132,,,,,,,
Ischemic Heart Disease,Age group,65-74 years,2037,0.565739892,-0.594299880433992,1.72577966443399,,,,,,,
Ischemic Heart Disease,Age group,65-74 years,2038,0.4924746685,-0.70828057313606,1.69322991013606,,,,,,,
Ischemic Heart Disease,Age group,65-74 years,2039,0.419209445,-0.82092523599406,1.65934412599406,,,,,,,
Ischemic Heart Disease,Age group,65-74 years,2040,0.3459442215,-0.932357348432543,1.62424579143254,,,,,,,
Ischemic Heart Disease,Age group,75-84 years,2024,3.82434423970951,3.18109163804156,4.46759684137746,,,,,,,
Ischemic Heart Disease,Age group,75-84 years,2025,3.44661183566158,2.69186202214727,4.2013616491759,,,,,,,
Ischemic Heart Disease,Age group,75-84 years,2026,3.22367707884265,2.22188050234693,4.22547365533836,,,,,,,
Ischemic Heart Disease,Age group,75-84 years,2027,2.9933207270251,1.80124958297777,4.18539187107243,,,,,,,
Ischemic Heart Disease,Age group,75-84 years,2028,2.76332019503628,1.40712877140795,4.1195116186646,,,,,,,
Ischemic Heart Disease,Age group,75-84 years,2029,2.53330260367537,1.03082494267028,4.03578026468047,,,,,,,
Ischemic Heart Disease,Age group,75-84 years,2030,2.30328583020642,0.667552089721472,3.93901957069137,,,,,,,
Ischemic Heart Disease,Age group,75-84 years,2031,2.07326901752459,0.31434590060655,3.83219213444262,,,,,,,
Ischemic Heart Disease,Age group,75-84 years,2032,1.84325220672276,-0.0307798625979054,3.71728427604343,,,,,,,
Ischemic Heart Disease,Age group,75-84 years,2033,1.61323539583081,-0.36923323248521,3.59570402414683,,,,,,,
Ischemic Heart Disease,Age group,75-84 years,2034,1.38321858494317,-0.702055384510627,3.46849255439698,,,,,,,
Ischemic Heart Disease,Age group,75-84 years,2035,1.15320177405533,-1.03004195789618,3.33644550600685,,,,,,,
Ischemic Heart Disease,Age group,75-84 years,2036,0.923184963167502,-1.35381720163813,3.20018712797314,,,,,,,
Ischemic Heart Disease,Age group,75-84 years,2037,0.69316815227967,-1.67388159877195,3.06021790333129,,,,,,,
Ischemic Heart Disease,Age group,75-84 years,2038,0.463151341391837,-1.99064371716083,2.91694639994451,,,,,,,
Ischemic Heart Disease,Age group,75-84 years,2039,0.233134530504005,-2.30444223775375,2.77071129876176,,,,,,,
Ischemic Heart Disease,Age group,75-84 years,2040,0.00311771961617247,-2.6155616269678,2.62179706620015,,,,,,,
Ischemic Heart Disease,Age group,85+ years,2024,11.3247967250629,10.2167812453837,12.432812204742,,,,,,,
Ischemic Heart Disease,Age group,85+ years,2025,12.0466999548616,10.8360446661787,13.2573552435446,,,,,,,
Ischemic Heart Disease,Age group,85+ years,2026,12.7272101063194,11.1432419795976,14.3111782330412,,,,,,,
Ischemic Heart Disease,Age group,85+ years,2027,13.4110214866469,11.2550968652759,15.5669461080179,,,,,,,
Ischemic Heart Disease,Age group,85+ years,2028,14.0945695835346,11.2135800344885,16.9755591325807,,,,,,,
Ischemic Heart Disease,Age group,85+ years,2029,14.7781386781091,11.0546058598747,18.5016714963435,,,,,,,
Ischemic Heart Disease,Age group,85+ years,2030,15.4617060980516,10.7987398277283,20.124672368375,,,,,,,
Ischemic Heart Disease,Age group,85+ years,2031,16.1452736515514,10.4587082227889,21.8318390803138,,,,,,,
Ischemic Heart Disease,Age group,85+ years,2032,16.8288411943995,10.0430262434669,23.6146561453321,,,,,,,
Ischemic Heart Disease,Age group,85+ years,2033,17.5124087380971,9.55783149157671,25.4669859846175,,,,,,,
Ischemic Heart Disease,Age group,85+ years,2034,18.195976281727,9.0078132101296,27.3841393533244,,,,,,,
Ischemic Heart Disease,Age group,85+ years,2035,18.8795438253623,8.3967159961017,29.3623716546228,,,,,,,
Ischemic Heart Disease,Age group,85+ years,2036,19.5631113689971,7.72763142323178,31.3985913147624,,,,,,,
Ischemic Heart Disease,Age group,85+ years,2037,20.246678912632,7.00317749688034,33.4901803283836,,,,,,,
Ischemic Heart Disease,Age group,85+ years,2038,20.9302464562669,6.2256151355636,35.6348777769701,,,,,,,
Ischemic Heart Disease,Age group,85+ years,2039,21.6138139999017,5.39692732256239,37.8307006772411,,,,,,,
Ischemic Heart Disease,Age group,85+ years,2040,22.2973815435366,4.51887503131032,40.0758880557629,,,,,,,
Ischemic Heart Disease,Census region,South,2024,0.932948905974548,0.822856566233003,1.04304124571609,,,,,,,
Ischemic Heart Disease,Census region,South,2025,0.912712094949096,0.757018014973217,1.06840617492498,,,,,,,
Ischemic Heart Disease,Census region,South,2026,0.892475283923644,0.701789757967154,1.08316080988013,,,,,,,
Ischemic Heart Disease,Census region,South,2027,0.872238472898192,0.652053793415103,1.09242315238128,,,,,,,
Ischemic Heart Disease,Census region,South,2028,0.85200166187274,0.605827706408644,1.09817561733684,,,,,,,
Ischemic Heart Disease,Census region,South,2029,0.831764850847288,0.562094793891373,1.1014349078032,,,,,,,
Ischemic Heart Disease,Census region,South,2030,0.811528039821836,0.520251087612476,1.1028049920312,,,,,,,
Ischemic Heart Disease,Census region,South,2031,0.791291228796384,0.479903068844626,1.10267938874814,,,,,,,
Ischemic Heart Disease,Census region,South,2032,0.771054417770933,0.440777398546298,1.10133143699557,,,,,,,
Ischemic Heart Disease,Census region,South,2033,0.750817606745481,0.402675060225126,1.09896015326584,,,,,,,
Ischemic Heart Disease,Census region,South,2034,0.730580795720029,0.365445812504992,1.09571577893507,,,,,,,
Ischemic Heart Disease,Census region,South,2035,0.710343984694577,0.328972932781597,1.09171503660756,,,,,,,
Ischemic Heart Disease,Census region,South,2036,0.690107173669125,0.293163597695183,1.08705074964307,,,,,,,
Ischemic Heart Disease,Census region,South,2037,0.669870362643673,0.257942546422495,1.08179817886485,,,,,,,
Ischemic Heart Disease,Census region,South,2038,0.649633551618221,0.223247753254209,1.07601934998223,,,,,,,
Ischemic Heart Disease,Census region,South,2039,0.629396740592769,0.18902738162659,1.06976609955895,,,,,,,
Ischemic Heart Disease,Census region,South,2040,0.609159929567317,0.155237584241543,1.06308227489309,,,,,,,
Ischemic Heart Disease,Census region,Northeast,2024,0.578606645,0.348320136318471,0.808893153681529,,,,,,,
Ischemic Heart Disease,Census region,Northeast,2025,0.578606645,0.252932341191032,0.904280948808968,,,,,,,
Ischemic Heart Disease,Census region,Northeast,2026,0.578606645,0.17973871166594,0.97747457833406,,,,,,,
Ischemic Heart Disease,Census region,Northeast,2027,0.578606645,0.118033627636942,1.03917966236306,,,,,,,
Ischemic Heart Disease,Census region,Northeast,2028,0.578606645,0.0636703572870058,1.09354293271299,,,,,,,
Ischemic Heart Disease,Census region,Northeast,2029,0.578606645,0.0145222040832456,1.14269108591675,,,,,,,
Ischemic Heart Disease,Census region,Northeast,2030,0.578606645,-0.0306741872646424,1.18788747726464,,,,,,,
Ischemic Heart Disease,Census region,Northeast,2031,0.578606645,-0.0727419626179355,1.22995525261794,,,,,,,
Ischemic Heart Disease,Census region,Northeast,2032,0.578606645,-0.112252881044587,1.26946617104459,,,,,,,
Ischemic Heart Disease,Census region,Northeast,2033,0.578606645,-0.149623236841771,1.30683652684177,,,,,,,
Ischemic Heart Disease,Census region,Northeast,2034,0.578606645,-0.185167298577553,1.34238058857755,,,,,,,
Ischemic Heart Disease,Census region,Northeast,2035,0.578606645,-0.219129221668119,1.37634251166812,,,,,,,
Ischemic Heart Disease,Census region,Northeast,2036,0.578606645,-0.251703170098836,1.40891646009884,,,,,,,
Ischemic Heart Disease,Census region,Northeast,2037,0.578606645,-0.283046571282624,1.44025986128262,,,,,,,
Ischemic Heart Disease,Census region,Northeast,2038,0.578606645,-0.313289167979811,1.47050245797981,,,,,,,
Ischemic Heart Disease,Census region,Northeast,2039,0.578606645,-0.342539389726116,1.49975267972612,,,,,,,
Ischemic Heart Disease,Census region,Northeast,2040,0.578606645,-0.370888954448662,1.52810224444866,,,,,,,
Liver Metastasis,Overall,Both,2024,2.526248701579,2.33685709698367,2.71564030617433,,,,,,,
Liver Metastasis,Overall,Both,2025,2.55753972021408,2.25320783026004,2.86187161016812,,,,,,,
Liver Metastasis,Overall,Both,2026,2.57461335988823,2.11460437086506,3.03462234891141,,,,,,,
Liver Metastasis,Overall,Both,2027,2.58630790668105,1.98689141855824,3.18572439480385,,,,,,,
Liver Metastasis,Overall,Both,2028,2.58749479414892,1.84870357346571,3.32628601483214,,,,,,,
Liver Metastasis,Overall,Both,2029,2.58217821080244,1.72174641236924,3.44261000923564,,,,,,,
Liver Metastasis,Overall,Both,2030,2.56919429532004,1.60194671434854,3.53644187629153,,,,,,,
Liver Metastasis,Overall,Both,2031,2.55092302324913,1.49711379930422,3.60473224719405,,,,,,,
Liver Metastasis,Overall,Both,2032,2.52782632474849,1.40636065990421,3.64929198959276,,,,,,,
Liver Metastasis,Overall,Both,2033,2.5017095564688,1.33156960394557,3.67184950899202,,,,,,,
Liver Metastasis,Overall,Both,2034,2.47361481725052,1.2712484274003,3.67598120710075,,,,,,,
Liver Metastasis,Overall,Both,2035,2.44502488566566,1.22414060439331,3.66590916693801,,,,,,,
Liver Metastasis,Overall,Both,2036,2.41703826652025,1.18761225177434,3.64646428126616,,,,,,,
Liver Metastasis,Overall,Both,2037,2.39080504365249,1.15896640700437,3.62264368030062,,,,,,,
Liver Metastasis,Overall,Both,2038,2.36720026511202,1.13529982750036,3.59910070272367,,,,,,,
Liver Metastasis,Overall,Both,2039,2.34698160826533,1.11416766862197,3.57979554790869,,,,,,,
Liver Metastasis,Overall,Both,2040,2.33066429216165,1.09379371565331,3.56753486866999,,,,,,,
Liver Metastasis,Sex,Female,2024,1.89762764824922,1.63542686000718,2.15982843649126,,,,,,,
Liver Metastasis,Sex,Female,2025,1.82651402827384,1.39622464661697,2.25680340993072,,,,,,,
Liver Metastasis,Sex,Female,2026,1.75864304344847,1.21892893695466,2.29835714994228,,,,,,,
Liver Metastasis,Sex,Female,2027,1.70208824347105,1.09790779261179,2.30626869433032,,,,,,,
Liver Metastasis,Sex,Female,2028,1.65871559054472,1.01963503646388,2.29779614462557,,,,,,,
Liver Metastasis,Sex,Female,2029,1.62741447548226,0.970886068823641,2.28394288214089,,,,,,,
Liver Metastasis,Sex,Female,2030,1.60593962220383,0.94135484924762,2.27052439516005,,,,,,,
Liver Metastasis,Sex,Female,2031,1.59187906902133,0.923869423321114,2.25988871472155,,,,,,,
Liver Metastasis,Sex,Female,2032,1.58310018571769,0.913759786419414,2.25244058501596,,,,,,,
Liver Metastasis,Sex,Female,2033,1.57790321869374,0.908096927525368,2.24770950986212,,,,,,,
Liver Metastasis,Sex,Female,2034,1.57502501772081,0.905075827870911,2.24497420757071,,,,,,,
Liver Metastasis,Sex,Female,2035,1.57357695148454,0.903591569471488,2.24356233349759,,,,,,,
Liver Metastasis,Sex,Female,2036,1.5729632121001,0.902971319437786,2.24295510476241,,,,,,,
Liver Metastasis,Sex,Female,2037,1.57280249699587,0.902810155334348,2.24279483865738,,,,,,,
Liver Metastasis,Sex,Female,2038,1.57286259009501,0.902870187240645,2.24285499294937,,,,,,,
Liver Metastasis,Sex,Female,2039,1.57301010823087,0.903017332110199,2.24300288435154,,,,,,,
Liver Metastasis,Sex,Female,2040,1.5731741870661,0.903180948274986,2.24316742585721,,,,,,,
Liver Metastasis,Sex,Male,2024,3.19585801491213,2.93628239759575,3.45543363222851,,,,,,,
Liver Metastasis,Sex,Male,2025,3.26541864280445,2.86536717713714,3.66547010847177,,,,,,,
Liver Metastasis,Sex,Male,2026,3.32390568908321,2.72319811593031,3.92461326223612,,,,,,,
Liver Metastasis,Sex,Male,2027,3.37267386830097,2.54223277090673,4.20311496569521,,,,,,,
Liver Metastasis,Sex,Male,2028,3.4129139718149,2.33801508223194,4.48781286139786,,,,,,,
Liver Metastasis,Sex,Male,2029,3.44567269238774,2.11915739230415,4.77218799247133,,,,,,,
Liver Metastasis,Sex,Male,2030,3.47187005129501,1.8911509871771,5.05258911541292,,,,,,,
Liver Metastasis,Sex,Male,2031,3.49231471787985,1.65779063127891,5.32683880448078,,,,,,,
Liver Metastasis,Sex,Male,2032,3.50771747643245,1.42181575737127,5.59361919549362,,,,,,,
Liver Metastasis,Sex,Male,2033,3.51870306444777,1.185250710206,5.85215541868955,,,,,,,
Liver Metastasis,Sex,Male,2034,3.52582057921904,0.949608532416039,6.10203262602203,,,,,,,
Liver Metastasis,Sex,Male,2035,3.52955262590553,0.716023835077907,6.34308141673315,,,,,,,
Liver Metastasis,Sex,Male,2036,3.53032335927474,0.485344703487454,6.57530201506202,,,,,,,
Liver Metastasis,Sex,Male,2037,3.5285055529124,0.258198963240779,6.79881214258401,,,,,,,
Liver Metastasis,Sex,Male,2038,3.52442681351381,0.035043399258134,7.01381022776949,,,,,,,
Liver Metastasis,Sex,Male,2039,3.51837504364616,-0.183798887951978,7.22054897524429,,,,,,,
Liver Metastasis,Sex,Male,2040,3.51060324386802,-0.398109672305073,7.41931616004111,,,,,,,
Liver Metastasis,Race and ethnicity,NH White,2024,2.58438512369771,2.3684068985885,2.80036334880692,,,,,,,
Liver Metastasis,Race and ethnicity,NH White,2025,2.53627899165733,2.13091038584427,2.94164759747039,,,,,,,
Liver Metastasis,Race and ethnicity,NH White,2026,2.4588986258828,1.89198367903019,3.02581357273541,,,,,,,
Liver Metastasis,Race and ethnicity,NH White,2027,2.36908875408288,1.67810900113701,3.06006850702875,,,,,,,
Liver Metastasis,Race and ethnicity,NH White,2028,2.27932837523596,1.50146330343115,3.05719344704077,,,,,,,
Liver Metastasis,Race and ethnicity,NH White,2029,2.19799639856647,1.36484848864085,3.03114430849209,,,,,,,
Liver Metastasis,Race and ethnicity,NH White,2030,2.12993357811452,1.26535191678334,2.9945152394457,,,,,,,
Liver Metastasis,Race and ethnicity,NH White,2031,2.0771509452797,1.19713174867977,2.95717014187963,,,,,,,
Liver Metastasis,Race and ethnicity,NH White,2032,2.03957040180384,1.15344859942168,2.925692204186,,,,,,,
Liver Metastasis,Race and ethnicity,NH White,2033,2.0157176519752,1.1279761339956,2.90345916995481,,,,,,,
Liver Metastasis,Race and ethnicity,NH White,2034,2.00331830686218,1.11545254216524,2.89118407155911,,,,,,,
Liver Metastasis,Race and ethnicity,NH White,2035,1.99977318565223,1.11181847367521,2.88772789762926,,,,,,,
Liver Metastasis,Race and ethnicity,NH White,2036,2.00250800597194,1.11405290659278,2.89096310535109,,,,,,,
Liver Metastasis,Race and ethnicity,NH White,2037,2.0092059812418,1.11991224006587,2.89849972241773,,,,,,,
Liver Metastasis,Race and ethnicity,NH White,2038,2.01793999912244,1.1277057114289,2.90817428681599,,,,,,,
Liver Metastasis,Race and ethnicity,NH White,2039,2.02722497490742,1.13615296813333,2.9182969816815,,,,,,,
Liver Metastasis,Race and ethnicity,NH White,2040,2.03601168097327,1.14431079479561,2.92771256715093,,,,,,,
Liver Metastasis,Race and ethnicity,NH Black,2024,2.89139538008403,2.4430076245444,3.33978313562366,,,,,,,
Liver Metastasis,Race and ethnicity,NH Black,2025,2.96745946609172,2.41463676828289,3.52028216390055,,,,,,,
Liver Metastasis,Race and ethnicity,NH Black,2026,2.92416664301951,2.08398143702412,3.7643518490149,,,,,,,
Liver Metastasis,Race and ethnicity,NH Black,2027,2.874090470192,1.89810324605918,3.85007769432482,,,,,,,
Liver Metastasis,Race and ethnicity,NH Black,2028,2.82401429736449,1.64079704670505,4.00723154802393,,,,,,,
Liver Metastasis,Race and ethnicity,NH Black,2029,2.77393812453698,1.32218195555368,4.22569429352027,,,,,,,
Liver Metastasis,Race and ethnicity,NH Black,2030,2.72386195170947,0.95336524471334,4.49435865870559,,,,,,,
Liver Metastasis,Race and ethnicity,NH Black,2031,2.67378577888195,0.542936253408127,4.80463530435578,,,,,,,
Liver Metastasis,Race and ethnicity,NH Black,2032,2.62370960605444,0.096951188949729,5.15046802315916,,,,,,,
Liver Metastasis,Race and ethnicity,NH Black,2033,2.57363343322693,-0.380338905188125,5.52760577164199,,,,,,,
Liver Metastasis,Race and ethnicity,NH Black,2034,2.52355726039942,-0.885868193455255,5.9329827142541,,,,,,,
Liver Metastasis,Race and ethnicity,NH Black,2035,2.47348108757191,-1.41734465232788,6.3643068274717,,,,,,,
Liver Metastasis,Race and ethnicity,NH Black,2036,2.4234049147444,-1.97299252029147,6.81980234978026,,,,,,,
Liver Metastasis,Race and ethnicity,NH Black,2037,2.37332874191689,-2.55139126261193,7.29804874644571,,,,,,,
Liver Metastasis,Race and ethnicity,NH Black,2038,2.32325256908938,-3.15137288649759,7.79787802467634,,,,,,,
Liver Metastasis,Race and ethnicity,NH Black,2039,2.27317639626186,-3.77195465828922,8.31830745081295,,,,,,,
Liver Metastasis,Race and ethnicity,NH Black,2040,2.22310022343435,-4.41229371198971,8.85849415885841,,,,,,,
Liver Metastasis,Age group,35-44 years,2024,0.678082640456723,0.613859061536344,0.742306219377102,,,,,,,
Liver Metastasis,Age group,35-44 years,2025,0.704192362228457,0.610116056274456,0.798268668182458,,,,,,,
Liver Metastasis,Age group,35-44 years,2026,0.740934177278389,0.635953226865541,0.845915127691236,,,,,,,
Liver Metastasis,Age group,35-44 years,2027,0.77767599232832,0.652249449763729,0.903102534892911,,,,,,,
Liver Metastasis,Age group,35-44 years,2028,0.814417807378251,0.659658451878448,0.969177162878055,,,,,,,
Liver Metastasis,Age group,35-44 years,2029,0.851159622428183,0.659731893410145,1.04258735144622,,,,,,,
Liver Metastasis,Age group,35-44 years,2030,0.887901437478114,0.653846265715194,1.12195660924103,,,,,,,
Liver Metastasis,Age group,35-44 years,2031,0.924643252528045,0.642987689875697,1.20629881518039,,,,,,,
Liver Metastasis,Age group,35-44 years,2032,0.961385067577977,0.627833981608342,1.29493615354761,,,,,,,
Liver Metastasis,Age group,35-44 years,2033,0.998126882627908,0.608859763226716,1.3873940020291,,,,,,,
Liver Metastasis,Age group,35-44 years,2034,1.03486869767784,0.58641000421595,1.48332739113973,,,,,,,
Liver Metastasis,Age group,35-44 years,2035,1.07161051272777,0.560745648680685,1.58247537677486,,,,,,,
Liver Metastasis,Age group,35-44 years,2036,1.1083523277777,0.532071430247507,1.6846332253079,,,,,,,
Liver Metastasis,Age group,35-44 years,2037,1.14509414282763,0.500553109033027,1.78963517662224,,,,,,,
Liver Metastasis,Age group,35-44 years,2038,1.18183595787756,0.466328461508252,1.89734345424688,,,,,,,
Liver Metastasis,Age group,35-44 years,2039,1.2185777729275,0.429514514317903,2.00764103153709,,,,,,,
Liver Metastasis,Age group,35-44 years,2040,1.25531958797743,0.390212459173057,2.1204267167818,,,,,,,
Liver Metastasis,Age group,45-54 years,2024,2.08382429342548,1.84092597865872,2.32672260819224,,,,,,,
Liver Metastasis,Age group,45-54 years,2025,2.15500718036353,1.83671872107789,2.47329563964917,,,,,,,
Liver Metastasis,Age group,45-54 years,2026,2.24551987698739,1.79051600973783,2.70052374423696,,,,,,,
Liver Metastasis,Age group,45-54 years,2027,2.32522114993774,1.74689333750119,2.90354896237429,,,,,,,
Liver Metastasis,Age group,45-54 years,2028,2.41096939819453,1.68560627311244,3.13633252327662,,,,,,,
Liver Metastasis,Age group,45-54 years,2029,2.49333549147702,1.61727543477068,3.36939554818336,,,,,,,
Liver Metastasis,Age group,45-54 years,2030,2.57759326972439,1.53783429605106,3.61735224339772,,,,,,,
Liver Metastasis,Age group,45-54 years,2031,2.66079300301712,1.45011130413967,3.87147470189456,,,,,,,
Liver Metastasis,Age group,45-54 years,2032,2.74458451514555,1.35345894153629,4.13571008875481,,,,,,,
Liver Metastasis,Age group,45-54 years,2033,2.82804503737715,1.24881507717701,4.40727499757729,,,,,,,
Liver Metastasis,Age group,45-54 years,2034,2.91169068672921,1.13625946368869,4.68712190976973,,,,,,,
Liver Metastasis,Age group,45-54 years,2035,2.99523279198201,1.01622552583683,4.9742400581272,,,,,,,
Liver Metastasis,Age group,45-54 years,2036,3.07883281084826,0.888920265282659,5.26874535641386,,,,,,,
Liver Metastasis,Age group,45-54 years,2037,3.16240043784818,0.754617406007255,5.5701834696891,,,,,,,
Liver Metastasis,Age group,45-54 years,2038,3.2459861820565,0.613521672112593,5.8784506920004,,,,,,,
Liver Metastasis,Age group,45-54 years,2039,3.32956179306542,0.465840379524301,6.19328320660655,,,,,,,
Liver Metastasis,Age group,45-54 years,2040,3.41314307170965,0.311753333032446,6.51453281038686,,,,,,,
Liver Metastasis,Age group,55-64 years,2024,3.74591096272207,3.38018715221932,4.11163477322482,,,,,,,
Liver Metastasis,Age group,55-64 years,2025,3.74810483124183,3.24053160301615,4.25567805946752,,,,,,,
Liver Metastasis,Age group,55-64 years,2026,3.7132341434288,3.11250343872969,4.31396484812791,,,,,,,
Liver Metastasis,Age group,55-64 years,2027,3.64397793664698,2.98305693638016,4.3048989369138,,,,,,,
Liver Metastasis,Age group,55-64 years,2028,3.54456953770644,2.84896620526019,4.24017287015269,,,,,,,
Liver Metastasis,Age group,55-64 years,2029,3.42055297727792,2.7095314312373,4.13157452331854,,,,,,,
Liver Metastasis,Age group,55-64 years,2030,3.27848407977404,2.56461829426333,3.99234986528475,,,,,,,
Liver Metastasis,Age group,55-64 years,2031,3.12559191929975,2.41404923274304,3.83713460585645,,,,,,,
Liver Metastasis,Age group,55-64 years,2032,2.9694177744323,2.2577947488716,3.681040799993,,,,,,,
Liver Metastasis,Age group,55-64 years,2033,2.8174493053319,2.0968635013197,3.5380351093441,,,,,,,
Liver Metastasis,Age group,55-64 years,2034,2.676767411633,1.9344876728899,3.4190471503761,,,,,,,
Liver Metastasis,Age group,55-64 years,2035,2.55372214500054,1.7767359278908,3.33070836211028,,,,,,,
Liver Metastasis,Age group,55-64 years,2036,2.45365222024048,1.63189502646573,3.27540941401524,,,,,,,
Liver Metastasis,Age group,55-64 years,2037,2.38066020076628,1.50890166434097,3.25241873719158,,,,,,,
Liver Metastasis,Age group,55-64 years,2038,2.33745246262477,1.41568552326365,3.25921940198589,,,,,,,
Liver Metastasis,Age group,55-64 years,2039,2.32524972087424,1.35800655091872,3.29249289082977,,,,,,,
Liver Metastasis,Age group,55-64 years,2040,2.34377039981474,1.33886446240076,3.34867633722871,,,,,,,
Liver Metastasis,Age group,65-74 years,2024,5.3760899664581,4.65181612532078,6.10036380759543,,,,,,,
Liver Metastasis,Age group,65-74 years,2025,5.43003812791621,4.20021394665346,6.65986230917895,,,,,,,
Liver Metastasis,Age group,65-74 years,2026,5.48398628937431,3.72071869679988,7.24725388194874,,,,,,,
Liver Metastasis,Age group,65-74 years,2027,5.53793445083241,3.20128392090615,7.87458498075867,,,,,,,
Liver Metastasis,Age group,65-74 years,2028,5.59188261229052,2.64054992209819,8.54321530248284,,,,,,,
Liver Metastasis,Age group,65-74 years,2029,5.64583077374862,2.03947148853622,9.25219005896101,,,,,,,
Liver Metastasis,Age group,65-74 years,2030,5.69977893520672,1.39957527956912,9.99998259084433,,,,,,,
Liver Metastasis,Age group,65-74 years,2031,5.75372709666482,0.722468302943628,10.784985890386,,,,,,,
Liver Metastasis,Age group,65-74 years,2032,5.80767525812293,0.00968458498571412,11.6056659312601,,,,,,,
Liver Metastasis,Age group,65-74 years,2033,5.86162341958103,-0.737359207503365,12.4606060466654,,,,,,,
Liver Metastasis,Age group,65-74 years,2034,5.91557158103913,-1.51736999636873,13.348513158447,,,,,,,
Liver Metastasis,Age group,65-74 years,2035,5.96951974249724,-2.3291711199829,14.2682106049774,,,,,,,
Liver Metastasis,Age group,65-74 years,2036,6.02346790395534,-3.17169104896958,15.2186268568803,,,,,,,
Liver Metastasis,Age group,65-74 years,2037,6.07741606541344,-4.04395156708688,16.1987836979138,,,,,,,
Liver Metastasis,Age group,65-74 years,2038,6.13136422687155,-4.94505674844608,17.2077852021892,,,,,,,
Liver Metastasis,Age group,65-74 years,2039,6.18531238832965,-5.87418314936525,18.2448079260245,,,,,,,
Liver Metastasis,Age group,65-74 years,2040,6.23926054978775,-6.83057126241782,19.3090923619933,,,,,,,
Liver Metastasis,Age group,75-84 years,2024,8.32305496179887,7.30523353697013,9.34087638662761,,,,,,,
Liver Metastasis,Age group,75-84 years,2025,8.29451106635592,6.91315596478838,9.67586616792346,,,,,,,
Liver Metastasis,Age group,75-84 years,2026,8.46462759106196,6.38445910903539,10.5447960730885,,,,,,,
Liver Metastasis,Age group,75-84 years,2027,8.55009807812386,5.7052257829543,11.3949703732934,,,,,,,
Liver Metastasis,Age group,75-84 years,2028,8.63208872396549,5.00879567801563,12.2553817699153,,,,,,,
Liver Metastasis,Age group,75-84 years,2029,8.75836864922008,4.21026080885935,13.3064764895808,,,,,,,
Liver Metastasis,Age group,75-84 years,2030,8.83837374236438,3.34835913577546,14.3283883489533,,,,,,,
Liver Metastasis,Age group,75-84 years,2031,8.94726624541594,2.43748779337556,15.4570446974563,,,,,,,
Liver Metastasis,Age group,75-84 years,2032,9.04704281895091,1.45748890553199,16.6365967323698,,,,,,,
Liver Metastasis,Age group,75-84 years,2033,9.14285763964901,0.42963627419423,17.8560790051038,,,,,,,
Liver Metastasis,Age group,75-84 years,2034,9.24732490495293,-0.650406424770406,19.1450562346763,,,,,,,
Liver Metastasis,Age group,75-84 years,2035,9.3443229772239,-1.78211616003057,20.4707621144784,,,,,,,
Liver Metastasis,Age group,75-84 years,2036,9.44526386539039,-2.95851409261602,21.8490418233968,,,,,,,
Liver Metastasis,Age group,75-84 years,2037,9.54551259173055,-4.18225052234442,23.2732757058055,,,,,,,
Liver Metastasis,Age group,75-84 years,2038,9.64462300396745,-5.44966606499744,24.7389120729323,,,,,,,
Liver Metastasis,Age group,75-84 years,2039,9.745296937425,-6.75945213152126,26.2500460063713,,,,,,,
Liver Metastasis,Age group,75-84 years,2040,9.8448233886142,-8.11127759762486,27.8009243748533,,,,,,,
Liver Metastasis,Age group,85+ years,2024,12.9519340177558,11.5229378789106,14.380930156601,,,,,,,
Liver Metastasis,Age group,85+ years,2025,13.2506701581065,11.3939999944407,15.1073403217724,,,,,,,
Liver Metastasis,Age group,85+ years,2026,13.5494062984573,11.0908372823012,16.0079753146134,,,,,,,
Liver Metastasis,Age group,85+ years,2027,13.848142438808,10.65481123663,17.041473640986,,,,,,,
Liver Metastasis,Age group,85+ years,2028,14.1468785791588,10.1133995044949,18.1803576538226,,,,,,,
Liver Metastasis,Age group,85+ years,2029,14.4456147195095,9.48349308513293,19.407736353886,,,,,,,
Liver Metastasis,Age group,85+ years,2030,14.7443508598602,8.775952511652,20.7127492080684,,,,,,,
Liver Metastasis,Age group,85+ years,2031,15.043087000211,7.99825497228485,22.0879190281371,,,,,,,
Liver Metastasis,Age group,85+ years,2032,15.3418231405617,7.15588329464014,23.5277629864833,,,,,,,
Liver Metastasis,Age group,85+ years,2033,15.6405592809124,6.25306978204988,25.028048779775,,,,,,,
Liver Metastasis,Age group,85+ years,2034,15.9392954212632,5.29321521479185,26.5853756277345,,,,,,,
Liver Metastasis,Age group,85+ years,2035,16.2380315616139,4.27913835005601,28.1969247731718,,,,,,,
Liver Metastasis,Age group,85+ years,2036,16.5367677019646,3.21323251005587,29.8603028938734,,,,,,,
Liver Metastasis,Age group,85+ years,2037,16.8355038423154,2.09756860949935,31.5734390751314,,,,,,,
Liver Metastasis,Age group,85+ years,2038,17.1342399826661,0.933965810119108,33.3345141552131,,,,,,,
Liver Metastasis,Age group,85+ years,2039,17.4329761230169,-0.275958251963853,35.1419104979976,,,,,,,
Liver Metastasis,Age group,85+ years,2040,17.7317122633676,-1.53075063450769,36.9941751612429,,,,,,,
Liver Metastasis,Census region,South,2024,2.90124756436443,2.59666544863033,3.20582968009853,,,,,,,
Liver Metastasis,Census region,South,2025,2.9466139832828,2.52704441516286,3.36618355140274,,,,,,,
Liver Metastasis,Census region,South,2026,2.99437921061133,2.44203360200706,3.5467248192156,,,,,,,
Liver Metastasis,Census region,South,2027,2.96434075296788,2.25339176328076,3.67528974265499,,,,,,,
Liver Metastasis,Census region,South,2028,2.94290858838133,2.1192825022719,3.76653467449076,,,,,,,
Liver Metastasis,Census region,South,2029,2.89823566827184,1.97202088348855,3.82445045305513,,,,,,,
Liver Metastasis,Census region,South,2030,2.82628493202407,1.81794114256443,3.83462872148371,,,,,,,
Liver Metastasis,Census region,South,2031,2.75692513234645,1.69425388981149,3.81959637488141,,,,,,,
Liver Metastasis,Census region,South,2032,2.67656294944501,1.57680931955574,3.77631657933429,,,,,,,
Liver Metastasis,Census region,South,2033,2.59441433453327,1.47474084304559,3.71408782602096,,,,,,,
Liver Metastasis,Census region,South,2034,2.5197013883608,1.39225968972198,3.64714308699962,,,,,,,
Liver Metastasis,Census region,South,2035,2.44945150576492,1.32036636627071,3.57853664525913,,,,,,,
Liver Metastasis,Census region,South,2036,2.39021699095623,1.26107005325028,3.51936392866217,,,,,,,
Liver Metastasis,Census region,South,2037,2.34409635946239,1.21243912839463,3.47575359053014,,,,,,,
Liver Metastasis,Census region,South,2038,2.3106114302379,1.17177459382119,3.44944826665462,,,,,,,
Liver Metastasis,Census region,South,2039,2.29176752006868,1.14031087702982,3.44322416310755,,,,,,,
Liver Metastasis,Census region,South,2040,2.28662401126853,1.11822182012311,3.45502620241395,,,,,,,
Liver Metastasis,Census region,Northeast,2024,1.46886282392662,1.23656126845678,1.70116437939646,,,,,,,
Liver Metastasis,Census region,Northeast,2025,1.50682264385324,1.09545013703734,1.91819515066913,,,,,,,
Liver Metastasis,Census region,Northeast,2026,1.54478246377986,0.937514042015513,2.1520508855442,,,,,,,
Liver Metastasis,Census region,Northeast,2027,1.58274228370648,0.760798393407695,2.40468617400526,,,,,,,
Liver Metastasis,Census region,Northeast,2028,1.62070210363309,0.565873793647388,2.6755304136188,,,,,,,
Liver Metastasis,Census region,Northeast,2029,1.65866192355971,0.353681882977914,2.96364196414151,,,,,,,
Liver Metastasis,Census region,Northeast,2030,1.69662174348633,0.125155185423606,3.26808830154906,,,,,,,
Liver Metastasis,Census region,Northeast,2031,1.73458156341295,-0.118861295141503,3.5880244219674,,,,,,,
Liver Metastasis,Census region,Northeast,2032,1.77254138333957,-0.377618546239893,3.92270131291903,,,,,,,
Liver Metastasis,Census region,Northeast,2033,1.81050120326619,-0.650454704026498,4.27145711055888,,,,,,,
Liver Metastasis,Census region,Northeast,2034,1.84846102319281,-0.936782978781999,4.63370502516761,,,,,,,
Liver Metastasis,Census region,Northeast,2035,1.88642084311943,-1.23608026936461,5.00892195560346,,,,,,,
Liver Metastasis,Census region,Northeast,2036,1.92438066304605,-1.54787740259688,5.39663872868897,,,,,,,
Liver Metastasis,Census region,Northeast,2037,1.96234048297266,-1.87175103098638,5.79643199693171,,,,,,,
Liver Metastasis,Census region,Northeast,2038,2.00030030289928,-2.20731697323654,6.2079175790351,,,,,,,
Liver Metastasis,Census region,Northeast,2039,2.0382601228259,-2.55422474328909,6.63074498894089,,,,,,,
Liver Metastasis,Census region,Northeast,2040,2.07621994275252,-2.91215303875055,7.0645929242556,,,,,,,
Lung Metastasis,Overall,Both,2024,1.55743475375737,1.45061501524889,1.66425449226585,,,,,,,
Lung Metastasis,Overall,Both,2025,1.59647223851474,1.42181580661841,1.77112867041108,,,,,,,
Lung Metastasis,Overall,Both,2026,1.63550972327211,1.39209549275555,1.87892395378868,,,,,,,
Lung Metastasis,Overall,Both,2027,1.67454720802948,1.35892946233795,1.99016495372102,,,,,,,
Lung Metastasis,Overall,Both,2028,1.71358469278685,1.32171183056006,2.10545755501365,,,,,,,
Lung Metastasis,Overall,Both,2029,1.75262217754423,1.2803224067461,2.22492194834235,,,,,,,
Lung Metastasis,Overall,Both,2030,1.7916596623016,1.23480239957749,2.3485169250257,,,,,,,
Lung Metastasis,Overall,Both,2031,1.83069714705897,1.18525125279482,2.47614304132311,,,,,,,
Lung Metastasis,Overall,Both,2032,1.86973463181634,1.13178781988998,2.6076814437427,,,,,,,
Lung Metastasis,Overall,Both,2033,1.90877211657371,1.07453441358201,2.74300981956541,,,,,,,
Lung Metastasis,Overall,Both,2034,1.94780960133108,1.01361005325854,2.88200914940362,,,,,,,
Lung Metastasis,Overall,Both,2035,1.98684708608845,0.949127712449678,3.02456645972722,,,,,,,
Lung Metastasis,Overall,Both,2036,2.02588457084582,0.881193388418632,3.17057575327301,,,,,,,
Lung Metastasis,Overall,Both,2037,2.06492205560319,0.80990601612895,3.31993809507744,,,,,,,
Lung Metastasis,Overall,Both,2038,2.10395954036056,0.735357766040081,3.47256131468104,,,,,,,
Lung Metastasis,Overall,Both,2039,2.14299702511793,0.657634502112866,3.628359548123,,,,,,,
Lung Metastasis,Overall,Both,2040,2.1820345098753,0.576816290075644,3.78725272967496,,,,,,,
Lung Metastasis,Sex,Female,2024,1.15906568646549,1.0243382308428,1.29379314208818,,,,,,,
Lung Metastasis,Sex,Female,2025,1.15979009885286,0.936104539962072,1.38347565774365,,,,,,,
Lung Metastasis,Sex,Female,2026,1.14066602662572,0.779376971832481,1.50195508141896,,,,,,,
Lung Metastasis,Sex,Female,2027,1.13493285857457,0.633648956839349,1.63621676030978,,,,,,,
Lung Metastasis,Sex,Female,2028,1.12016543334292,0.453698980061062,1.78663188662478,,,,,,,
Lung Metastasis,Sex,Female,2029,1.11149302617209,0.271027532752752,1.95195851959143,,,,,,,
Lung Metastasis,Sex,Female,2030,1.09870857697949,0.0674269947268304,2.12999015923215,,,,,,,
Lung Metastasis,Sex,Female,2031,1.08869834263254,-0.143641711871253,2.32103839713632,,,,,,,
Lung Metastasis,Sex,Female,2032,1.07681646690423,-0.369671173877959,2.52330410768642,,,,,,,
Lung Metastasis,Sex,Female,2033,1.06619730572952,-0.6046408281696,2.73703543962863,,,,,,,
Lung Metastasis,Sex,Female,2034,1.05472624629067,-0.851592427327412,2.96104491990875,,,,,,,
Lung Metastasis,Sex,Female,2035,1.04382992533913,-1.10770936744447,3.19536921812273,,,,,,,
Lung Metastasis,Sex,Female,2036,1.03254585347566,-1.37415508213358,3.43924678908489,,,,,,,
Lung Metastasis,Sex,Female,2037,1.02152338018793,-1.64953297952086,3.69257973989671,,,,,,,
Lung Metastasis,Sex,Female,2038,1.01032441778637,-1.9342147047827,3.95486354035544,,,,,,,
Lung Metastasis,Sex,Female,2039,0.999244524868321,-2.22745031012964,4.22593935986629,,,,,,,
Lung Metastasis,Sex,Female,2040,0.988084300979174,-2.52928414042388,4.50545274238223,,,,,,,
Lung Metastasis,Sex,Male,2024,1.8566880538728,1.72508251092131,1.9882935968243,,,,,,,
Lung Metastasis,Sex,Male,2025,1.84827901626028,1.63842484193301,2.05813319058754,,,,,,,
Lung Metastasis,Sex,Male,2026,1.82084916689645,1.52886899352198,2.11282934027091,,,,,,,
Lung Metastasis,Sex,Male,2027,1.78710050696871,1.42788308003592,2.14631793390151,,,,,,,
Lung Metastasis,Sex,Male,2028,1.74792210674831,1.33327287805382,2.16257133544281,,,,,,,
Lung Metastasis,Sex,Male,2029,1.70817021750206,1.25135483288092,2.16498560212319,,,,,,,
Lung Metastasis,Sex,Male,2030,1.66969299969057,1.18204156830229,2.15734443107886,,,,,,,
Lung Metastasis,Sex,Male,2031,1.63454505386427,1.12572250702947,2.14336760069907,,,,,,,
Lung Metastasis,Sex,Male,2032,1.60369842756566,1.08121283893507,2.12618401619626,,,,,,,
Lung Metastasis,Sex,Male,2033,1.57777659784644,1.04715962317656,2.10839357251633,,,,,,,
Lung Metastasis,Sex,Male,2034,1.55689119639488,1.0219042833791,2.09187810941065,,,,,,,
Lung Metastasis,Sex,Male,2035,1.54087185695865,1.0038579162419,2.07788579767541,,,,,,,
Lung Metastasis,Sex,Male,2036,1.52930742993173,0.991554329332667,2.06706053053079,,,,,,,
Lung Metastasis,Sex,Male,2037,1.52165323565498,0.983740209551518,2.05956626175844,,,,,,,
Lung Metastasis,Sex,Male,2038,1.5172887125287,0.979373979668241,2.05520344538915,,,,,,,
Lung Metastasis,Sex,Male,2039,1.51557646798313,0.977611833308021,2.05354110265825,,,,,,,
Lung Metastasis,Sex,Male,2040,1.51590081392596,0.977772564838247,2.05402906301367,,,,,,,
Lung Metastasis,Race and ethnicity,NH White,2024,1.64069719475094,1.53839269722834,1.74300169227354,,,,,,,
Lung Metastasis,Race and ethnicity,NH White,2025,1.69595747150188,1.52533890889245,1.86657603411131,,,,,,,
Lung Metastasis,Race and ethnicity,NH White,2026,1.75121774825281,1.50980886619214,1.99262663031349,,,,,,,
Lung Metastasis,Race and ethnicity,NH White,2027,1.80647802500375,1.4897546902728,2.12320135973471,,,,,,,
Lung Metastasis,Race and ethnicity,NH White,2028,1.86173830175469,1.46479780440028,2.2586787991091,,,,,,,
Lung Metastasis,Race and ethnicity,NH White,2029,1.91699857850563,1.43495365463909,2.39904350237217,,,,,,,
Lung Metastasis,Race and ethnicity,NH White,2030,1.97225885525657,1.40035403924535,2.54416367126778,,,,,,,
Lung Metastasis,Race and ethnicity,NH White,2031,2.0275191320075,1.36116338201277,2.69387488200224,,,,,,,
Lung Metastasis,Race and ethnicity,NH White,2032,2.08277940875844,1.31754956955633,2.84800924796056,,,,,,,
Lung Metastasis,Race and ethnicity,NH White,2033,2.13803968550938,1.26967335751371,3.00640601350505,,,,,,,
Lung Metastasis,Race and ethnicity,NH White,2034,2.19329996226032,1.21768482237046,3.16891510215018,,,,,,,
Lung Metastasis,Race and ethnicity,NH White,2035,2.24856023901126,1.1617226389903,3.33539783903221,,,,,,,
Lung Metastasis,Race and ethnicity,NH White,2036,2.3038205157622,1.10191449623954,3.50572653528485,,,,,,,
Lung Metastasis,Race and ethnicity,NH White,2037,2.35908079251313,1.03837793748635,3.67978364753991,,,,,,,
Lung Metastasis,Race and ethnicity,NH White,2038,2.41434106926407,0.971221316572116,3.85746082195603,,,,,,,
Lung Metastasis,Race and ethnicity,NH White,2039,2.46960134601501,0.900544736130162,4.03865795589986,,,,,,,
Lung Metastasis,Race and ethnicity,NH White,2040,2.52486162276595,0.826440914645042,4.22328233088686,,,,,,,
Lung Metastasis,Race and ethnicity,NH Black,2024,1.62993823837035,1.41919389876879,1.84068257797191,,,,,,,
Lung Metastasis,Race and ethnicity,NH Black,2025,1.60945714622177,1.33709336085308,1.88182093159046,,,,,,,
Lung Metastasis,Race and ethnicity,NH Black,2026,1.59268926235144,1.28587461895515,1.89950390574773,,,,,,,
Lung Metastasis,Race and ethnicity,NH Black,2027,1.57896138458744,1.25107532459203,1.90684744458285,,,,,,,
Lung Metastasis,Race and ethnicity,NH Black,2028,1.56772236186038,1.22644022252231,1.90900450119845,,,,,,,
Lung Metastasis,Race and ethnicity,NH Black,2029,1.55852096642033,1.20854673832841,1.90849519451224,,,,,,,
Lung Metastasis,Race and ethnicity,NH Black,2030,1.55098777780594,1.19530638008841,1.90666917552347,,,,,,,
Lung Metastasis,Race and ethnicity,NH Black,2031,1.54482035123792,1.18536432363375,1.90427637884209,,,,,,,
Lung Metastasis,Race and ethnicity,NH Black,2032,1.53977107497271,1.17780705640831,1.90173509353711,,,,,,,
Lung Metastasis,Race and ethnicity,NH Black,2033,1.5356372291099,1.17200185996297,1.89927259825682,,,,,,,
Lung Metastasis,Race and ethnicity,NH Black,2034,1.53225284673113,1.16750150700803,1.89700418645424,,,,,,,
Lung Metastasis,Race and ethnicity,NH Black,2035,1.52948205060912,1.16398461574504,1.8949794854732,,,,,,,
Lung Metastasis,Race and ethnicity,NH Black,2036,1.52721359796679,1.16121692869426,1.89321026723932,,,,,,,
Lung Metastasis,Race and ethnicity,NH Black,2037,1.52535641426799,1.15902550359521,1.89168732494076,,,,,,,
Lung Metastasis,Race and ethnicity,NH Black,2038,1.52383593672892,1.15728116441337,1.89039070904448,,,,,,,
Lung Metastasis,Race and ethnicity,NH Black,2039,1.52259112074853,1.15588637701136,1.8892958644857,,,,,,,
Lung Metastasis,Race and ethnicity,NH Black,2040,1.521571989071,1.15476675819422,1.88837721994777,,,,,,,
Lung Metastasis,Age group,35-44 years,2024,0.347074969744416,0.301406810322564,0.392743129166269,,,,,,,
Lung Metastasis,Age group,35-44 years,2025,0.365907366264061,0.315806147104386,0.416008585423737,,,,,,,
Lung Metastasis,Age group,35-44 years,2026,0.372016817365568,0.31126536659991,0.432768268131226,,,,,,,
Lung Metastasis,Age group,35-44 years,2027,0.385108851867902,0.318704354162375,0.451513349573429,,,,,,,
Lung Metastasis,Age group,35-44 years,2028,0.394368717847372,0.321104116031859,0.467633319662884,,,,,,,
Lung Metastasis,Age group,35-44 years,2029,0.405731747476256,0.32705360864289,0.484409886309622,,,,,,,
Lung Metastasis,Age group,35-44 years,2030,0.415940522716319,0.331762526854571,0.500118518578068,,,,,,,
Lung Metastasis,Age group,35-44 years,2031,0.42678277371776,0.337669949284883,0.515895598150636,,,,,,,
Lung Metastasis,Age group,35-44 years,2032,0.437277361722083,0.343371128382298,0.531183595061869,,,,,,,
Lung Metastasis,Age group,35-44 years,2033,0.447962753490234,0.34955803598908,0.546367470991389,,,,,,,
Lung Metastasis,Age group,35-44 years,2034,0.4585434286892,0.355804590646445,0.561282266731956,,,,,,,
Lung Metastasis,Age group,35-44 years,2035,0.46918157424222,0.362301342144175,0.576061806340265,,,,,,,
Lung Metastasis,Age group,35-44 years,2036,0.479788179021695,0.368912077984105,0.590664280059285,,,,,,,
Lung Metastasis,Age group,35-44 years,2037,0.49041209395024,0.375684016265678,0.605140171634802,,,,,,,
Lung Metastasis,Age group,35-44 years,2038,0.50102650875475,0.382569092342978,0.619483925166522,,,,,,,
Lung Metastasis,Age group,35-44 years,2039,0.511646137399783,0.389574622417094,0.633717652382472,,,,,,,
Lung Metastasis,Age group,35-44 years,2040,0.522262904594492,0.396680531343954,0.64784527784503,,,,,,,
Lung Metastasis,Age group,45-54 years,2024,1.25342695337058,1.14073205240464,1.36612185433653,,,,,,,
Lung Metastasis,Age group,45-54 years,2025,1.31160864174116,1.13582239346552,1.48739489001681,,,,,,,
Lung Metastasis,Age group,45-54 years,2026,1.36979033011175,1.13401728464204,1.60556337558145,,,,,,,
Lung Metastasis,Age group,45-54 years,2027,1.42797201848233,1.13174330920828,1.72420072775638,,,,,,,
Lung Metastasis,Age group,45-54 years,2028,1.48615370685291,1.12785871861011,1.84444869509571,,,,,,,
Lung Metastasis,Age group,45-54 years,2029,1.54433539522349,1.12190502698747,1.96676576345951,,,,,,,
Lung Metastasis,Age group,45-54 years,2030,1.60251708359407,1.11368711698476,2.09134705020339,,,,,,,
Lung Metastasis,Age group,45-54 years,2031,1.66069877196466,1.10312887036094,2.21826867356838,,,,,,,
Lung Metastasis,Age group,45-54 years,2032,1.71888046033524,1.09021303744924,2.34754788322124,,,,,,,
Lung Metastasis,Age group,45-54 years,2033,1.77706214870582,1.07495298884587,2.47917130856577,,,,,,,
Lung Metastasis,Age group,45-54 years,2034,1.8352438370764,1.05737832023529,2.61310935391751,,,,,,,
Lung Metastasis,Age group,45-54 years,2035,1.89342552544699,1.03752708858394,2.74932396231003,,,,,,,
Lung Metastasis,Age group,45-54 years,2036,1.95160721381757,1.01544145713003,2.8877729705051,,,,,,,
Lung Metastasis,Age group,45-54 years,2037,2.00978890218815,0.991165189803414,3.02841261457289,,,,,,,
Lung Metastasis,Age group,45-54 years,2038,2.06797059055873,0.964742191553475,3.17119898956399,,,,,,,
Lung Metastasis,Age group,45-54 years,2039,2.12615227892931,0.936215659337827,3.3160888985208,,,,,,,
Lung Metastasis,Age group,45-54 years,2040,2.1843339672999,0.905627598314213,3.46304033628558,,,,,,,
Lung Metastasis,Age group,55-64 years,2024,2.181371039,1.91426502209743,2.44847705590257,,,,,,,
Lung Metastasis,Age group,55-64 years,2025,2.181371039,1.80362608730493,2.55911599069507,,,,,,,
Lung Metastasis,Age group,55-64 years,2026,2.181371039,1.71872984671739,2.64401223128261,,,,,,,
Lung Metastasis,Age group,55-64 years,2027,2.181371039,1.64715900519486,2.71558307280514,,,,,,,
Lung Metastasis,Age group,55-64 years,2028,2.181371039,1.58410382800664,2.77863824999336,,,,,,,
Lung Metastasis,Age group,55-64 years,2029,2.181371039,1.52709759036148,2.83564448763852,,,,,,,
Lung Metastasis,Age group,55-64 years,2030,2.181371039,1.47467494458678,2.88806713341322,,,,,,,
Lung Metastasis,Age group,55-64 years,2031,2.181371039,1.42588113560985,2.93686094239015,,,,,,,
Lung Metastasis,Age group,55-64 years,2032,2.181371039,1.38005298829228,2.98268908970772,,,,,,,
Lung Metastasis,Age group,55-64 years,2033,2.181371039,1.33670764885244,3.02603442914756,,,,,,,
Lung Metastasis,Age group,55-64 years,2034,2.181371039,1.29548060168784,3.06726147631216,,,,,,,
Lung Metastasis,Age group,55-64 years,2035,2.181371039,1.25608865443479,3.10665342356521,,,,,,,
Lung Metastasis,Age group,55-64 years,2036,2.181371039,1.21830659907283,3.14443547892717,,,,,,,
Lung Metastasis,Age group,55-64 years,2037,2.181371039,1.18195183780473,3.18079024019527,,,,,,,
Lung Metastasis,Age group,55-64 years,2038,2.181371039,1.14687388386454,3.21586819413546,,,,,,,
Lung Metastasis,Age group,55-64 years,2039,2.181371039,1.11294697138971,3.24979510661029,,,,,,,
Lung Metastasis,Age group,55-64 years,2040,2.181371039,1.08006471807268,3.28267735992732,,,,,,,
Lung Metastasis,Age group,65-74 years,2024,3.27632286916652,2.92272153030626,3.62992420802677,,,,,,,
Lung Metastasis,Age group,65-74 years,2025,3.27473829361502,2.79451472759414,3.75496185963591,,,,,,,
Lung Metastasis,Age group,65-74 years,2026,3.27328219276472,2.70780109146319,3.83876329406625,,,,,,,
Lung Metastasis,Age group,65-74 years,2027,3.27194415010449,2.64341236305557,3.90047593715341,,,,,,,
Lung Metastasis,Age group,65-74 years,2028,3.27071459367629,2.59349768735613,3.94793149999644,,,,,,,
Lung Metastasis,Age group,65-74 years,2029,3.26958472760022,2.55383143193101,3.98533802326943,,,,,,,
Lung Metastasis,Age group,65-74 years,2030,3.26854646915142,2.5217994406149,4.01529349768795,,,,,,,
Lung Metastasis,Age group,65-74 years,2031,3.26759239093868,2.49564216403309,4.03954261784427,,,,,,,
Lung Metastasis,Age group,65-74 years,2032,3.26671566777106,2.47410726207564,4.05932407346648,,,,,,,
Lung Metastasis,Age group,65-74 years,2033,3.26591002783256,2.45626786504265,4.07555219062247,,,,,,,
Lung Metastasis,Age group,65-74 years,2034,3.26516970781539,2.44141819448314,4.08892122114764,,,,,,,
Lung Metastasis,Age group,65-74 years,2035,3.26448941169099,2.42900925249606,4.09996957088592,,,,,,,
Lung Metastasis,Age group,65-74 years,2036,3.26386427282383,2.41860696918541,4.10912157646225,,,,,,,
Lung Metastasis,Age group,65-74 years,2037,3.26328981915693,2.40986374896813,4.11671588934573,,,,,,,
Lung Metastasis,Age group,65-74 years,2038,3.26276194122012,2.40249842717958,4.12302545526067,,,,,,,
Lung Metastasis,Age group,65-74 years,2039,3.26227686273212,2.39628173286733,4.12827199259691,,,,,,,
Lung Metastasis,Age group,65-74 years,2040,3.26183111358613,2.39102548671417,4.13263674045809,,,,,,,
Lung Metastasis,Age group,75-84 years,2024,4.98995625011691,4.35402965776809,5.62588284246573,,,,,,,
Lung Metastasis,Age group,75-84 years,2025,5.01457558033867,4.18516395146829,5.84398720920905,,,,,,,
Lung Metastasis,Age group,75-84 years,2026,5.02342263754682,3.82813583843016,6.21870943666348,,,,,,,
Lung Metastasis,Age group,75-84 years,2027,5.04147816260765,3.52277681043961,6.5601795147757,,,,,,,
Lung Metastasis,Age group,75-84 years,2028,5.05415742515257,3.14299153414074,6.96532331616439,,,,,,,
Lung Metastasis,Age group,75-84 years,2029,5.06997555934285,2.7599038638673,7.38004725481841,,,,,,,
Lung Metastasis,Age group,75-84 years,2030,5.08396109790059,2.33763091708882,7.83029127871236,,,,,,,
Lung Metastasis,Age group,75-84 years,2031,5.09901657723064,1.89846821643329,8.29956493802799,,,,,,,
Lung Metastasis,Age group,75-84 years,2032,5.11344738342717,1.43214400353036,8.79475076332398,,,,,,,
Lung Metastasis,Age group,75-84 years,2033,5.12824289815135,0.946186310547934,9.31029948575476,,,,,,,
Lung Metastasis,Age group,75-84 years,2034,5.14282548181927,0.437920239296423,9.84773072434211,,,,,,,
Lung Metastasis,Age group,75-84 years,2035,5.15753238293875,-0.0897934607653834,10.4048582266429,,,,,,,
Lung Metastasis,Age group,75-84 years,2036,5.17216670268361,-0.637370770656457,10.9817041760237,,,,,,,
Lung Metastasis,Age group,75-84 years,2037,5.18684339826449,-1.20350332912699,11.577190125656,,,,,,,
Lung Metastasis,Age group,75-84 years,2038,5.20149535318031,-1.7879664768621,12.1909571832227,,,,,,,
Lung Metastasis,Age group,75-84 years,2039,5.21616175266089,-2.39000972280949,12.8223332281313,,,,,,,
Lung Metastasis,Age group,75-84 years,2040,5.23081971884146,-3.0092582839318,13.4708977216147,,,,,,,
Lung Metastasis,Age group,85+ years,2024,7.75516809295773,6.82755040099832,8.68278578491715,,,,,,,
Lung Metastasis,Age group,85+ years,2025,7.6751019591684,6.4328885980401,8.9173153202967,,,,,,,
Lung Metastasis,Age group,85+ years,2026,7.60378888396218,6.15996757043212,9.04761019749223,,,,,,,
Lung Metastasis,Age group,85+ years,2027,7.54027195795761,5.95464411782529,9.12589979808993,,,,,,,
Lung Metastasis,Age group,85+ years,2028,7.48369888384178,5.79401951623824,9.17337825144531,,,,,,,
Lung Metastasis,Age group,85+ years,2029,7.43331053987996,5.66543737089658,9.20118370886334,,,,,,,
Lung Metastasis,Age group,85+ years,2030,7.38843079369513,5.56090431332765,9.21595727406261,,,,,,,
Lung Metastasis,Age group,85+ years,2031,7.34845742963416,5.47495822470613,9.22195663456219,,,,,,,
Lung Metastasis,Age group,85+ years,2032,7.31285406798033,5.40367171404888,9.22203642191177,,,,,,,
Lung Metastasis,Age group,85+ years,2033,7.28114296758057,5.3441204899719,9.21816544518923,,,,,,,
Lung Metastasis,Age group,85+ years,2034,7.2528986153101,5.29407184318347,9.21172538743672,,,,,,,
Lung Metastasis,Age group,85+ years,2035,7.2277420163551,5.2517889123705,9.20369512033971,,,,,,,
Lung Metastasis,Age group,85+ years,2036,7.20533560869802,5.21590095712225,9.19477026027379,,,,,,,
Lung Metastasis,Age group,85+ years,2037,7.18537873356583,5.18531373128993,9.18544373584174,,,,,,,
Lung Metastasis,Age group,85+ years,2038,7.1676036010619,5.15914550169768,9.17606170042612,,,,,,,
Lung Metastasis,Age group,85+ years,2039,7.15177169684646,5.13668017147237,9.16686322222054,,,,,,,
Lung Metastasis,Age group,85+ years,2040,7.13767058164906,5.11733221340594,9.15800894989217,,,,,,,
Lung Metastasis,Census region,South,2024,1.75350022290817,1.61778984699602,1.88921059882031,,,,,,,
Lung Metastasis,Census region,South,2025,1.80126524181633,1.58225666687302,2.02027381675964,,,,,,,
Lung Metastasis,Census region,South,2026,1.8490302607245,1.54693621006582,2.15112431138318,,,,,,,
Lung Metastasis,Census region,South,2027,1.89679527963267,1.50830596072912,2.28528459853621,,,,,,,
Lung Metastasis,Census region,South,2028,1.94456029854083,1.46542291906295,2.42369767801871,,,,,,,
Lung Metastasis,Census region,South,2029,1.992325317449,1.41802111746987,2.56662951742813,,,,,,,
Lung Metastasis,Census region,South,2030,2.04009033635716,1.36607218070981,2.71410849200452,,,,,,,
Lung Metastasis,Census region,South,2031,2.08785535526533,1.30964164770381,2.86606906282685,,,,,,,
Lung Metastasis,Census region,South,2032,2.1356203741735,1.24883286764518,3.02240788070182,,,,,,,
Lung Metastasis,Census region,South,2033,2.18338539308166,1.18376273348735,3.18300805267598,,,,,,,
Lung Metastasis,Census region,South,2034,2.23115041198983,1.11455058201777,3.34775024196189,,,,,,,
Lung Metastasis,Census region,South,2035,2.278915430898,1.04131302946597,3.51651783233003,,,,,,,
Lung Metastasis,Census region,South,2036,2.32668044980616,0.964161642991962,3.68919925662036,,,,,,,
Lung Metastasis,Census region,South,2037,2.37444546871433,0.883202017393335,3.86568892003532,,,,,,,
Lung Metastasis,Census region,South,2038,2.42221048762249,0.798533559559428,4.04588741568556,,,,,,,
Lung Metastasis,Census region,South,2039,2.46997550653066,0.710249626766992,4.22970138629433,,,,,,,
Lung Metastasis,Census region,South,2040,2.51774052543883,0.618437834237983,4.41704321663967,,,,,,,
Lung Metastasis,Census region,Northeast,2024,0.856776471702685,0.729571012249345,0.983981931156025,,,,,,,
Lung Metastasis,Census region,Northeast,2025,0.83566064740537,0.655764961438555,1.01555633337218,,,,,,,
Lung Metastasis,Census region,Northeast,2026,0.814544823108055,0.594218504334727,1.03487114188138,,,,,,,
Lung Metastasis,Census region,Northeast,2027,0.793428998810739,0.539018079904059,1.04783991771742,,,,,,,
Lung Metastasis,Census region,Northeast,2028,0.772313174513424,0.487873120066663,1.05675322896019,,,,,,,
Lung Metastasis,Census region,Northeast,2029,0.751197350216109,0.439608882059131,1.06278581837309,,,,,,,
Lung Metastasis,Census region,Northeast,2030,0.730081525918794,0.393527514795546,1.06663553704204,,,,,,,
Lung Metastasis,Census region,Northeast,2031,0.708965701621479,0.34917432968785,1.06875707355511,,,,,,,
Lung Metastasis,Census region,Northeast,2032,0.687849877324164,0.306233498964143,1.06946625568418,,,,,,,
Lung Metastasis,Census region,Northeast,2033,0.666734053026849,0.264475070346096,1.0689930357076,,,,,,,
Lung Metastasis,Census region,Northeast,2034,0.645618228729533,0.223725448438037,1.06751100902103,,,,,,,
Lung Metastasis,Census region,Northeast,2035,0.624502404432218,0.183849766885562,1.06515504197887,,,,,,,
Lung Metastasis,Census region,Northeast,2036,0.603386580134903,0.14474077355693,1.06203238671288,,,,,,,
Lung Metastasis,Census region,Northeast,2037,0.582270755837588,0.106311508836025,1.05823000283915,,,,,,,
Lung Metastasis,Census region,Northeast,2038,0.561154931540273,0.0684903055308236,1.05381955754972,,,,,,,
Lung Metastasis,Census region,Northeast,2039,0.540039107242958,0.031217269429597,1.04886094505632,,,,,,,
Lung Metastasis,Census region,Northeast,2040,0.518923282945642,-0.00555826253570357,1.04340482842699,,,,,,,
Pulmonary Embolism,Overall,Both,2024,0.380854541,0.348128577540009,0.413580504459991,,,,,,,
Pulmonary Embolism,Overall,Both,2025,0.380854541,0.334573039633154,0.427136042366846,,,,,,,
Pulmonary Embolism,Overall,Both,2026,0.380854541,0.324171509560652,0.437537572439347,,,,,,,
Pulmonary Embolism,Overall,Both,2027,0.380854541,0.315402614080017,0.446306467919983,,,,,,,
Pulmonary Embolism,Overall,Both,2028,0.380854541,0.307677062074285,0.454032019925715,,,,,,,
Pulmonary Embolism,Overall,Both,2029,0.380854541,0.300692629182054,0.461016452817946,,,,,,,
Pulmonary Embolism,Overall,Both,2030,0.380854541,0.294269780269876,0.467439301730124,,,,,,,
Pulmonary Embolism,Overall,Both,2031,0.380854541,0.288291538266308,0.473417543733692,,,,,,,
Pulmonary Embolism,Overall,Both,2032,0.380854541,0.282676650620026,0.479032431379974,,,,,,,
Pulmonary Embolism,Overall,Both,2033,0.380854541,0.277365957842983,0.484343124157017,,,,,,,
Pulmonary Embolism,Overall,Both,2034,0.380854541,0.272314799300328,0.489394282699672,,,,,,,
Pulmonary Embolism,Overall,Both,2035,0.380854541,0.267488478121305,0.494220603878695,,,,,,,
Pulmonary Embolism,Overall,Both,2036,0.380854541,0.26285940170604,0.49884968029396,,,,,,,
Pulmonary Embolism,Overall,Both,2037,0.380854541,0.258405198080629,0.503303883919371,,,,,,,
Pulmonary Embolism,Overall,Both,2038,0.380854541,0.254107429530861,0.507601652469139,,,,,,,
Pulmonary Embolism,Overall,Both,2039,0.380854541,0.249950687160035,0.511758394839965,,,,,,,
Pulmonary Embolism,Overall,Both,2040,0.380854541,0.245921936954352,0.515787145045648,,,,,,,
Pulmonary Embolism,Sex,Female,2024,0.356889878,0.304351514971574,0.409428241028426,,,,,,,
Pulmonary Embolism,Sex,Female,2025,0.356889878,0.282589412460319,0.431190343539681,,,,,,,
Pulmonary Embolism,Sex,Female,2026,0.356889878,0.265890763888268,0.447888992111732,,,,,,,
Pulmonary Embolism,Sex,Female,2027,0.356889878,0.251813151943148,0.461966604056852,,,,,,,
Pulmonary Embolism,Sex,Female,2028,0.356889878,0.239410526841877,0.474369229158123,,,,,,,
Pulmonary Embolism,Sex,Female,2029,0.356889878,0.228197696659251,0.485582059340749,,,,,,,
Pulmonary Embolism,Sex,Female,2030,0.356889878,0.217886435136354,0.495893320863646,,,,,,,
Pulmonary Embolism,Sex,Female,2031,0.356889878,0.208288946920637,0.505490809079363,,,,,,,
Pulmonary Embolism,Sex,Female,2032,0.356889878,0.199274788914722,0.514504967085278,,,,,,,
Pulmonary Embolism,Sex,Female,2033,0.356889878,0.190748986293392,0.523030769706608,,,,,,,
Pulmonary Embolism,Sex,Female,2034,0.356889878,0.18263984073523,0.53113991526477,,,,,,,
Pulmonary Embolism,Sex,Female,2035,0.356889878,0.174891649776535,0.538888106223465,,,,,,,
Pulmonary Embolism,Sex,Female,2036,0.356889878,0.167460116172068,0.546319639827932,,,,,,,
Pulmonary Embolism,Sex,Female,2037,0.356889878,0.160309323885678,0.553470432114322,,,,,,,
Pulmonary Embolism,Sex,Female,2038,0.356889878,0.153409672953906,0.560370083046094,,,,,,,
Pulmonary Embolism,Sex,Female,2039,0.356889878,0.146736425886295,0.567043330113705,,,,,,,
Pulmonary Embolism,Sex,Female,2040,0.356889878,0.140268657836753,0.573511098163247,,,,,,,
Pulmonary Embolism,Sex,Male,2024,0.438283279,0.382771667140064,0.493794890859936,,,,,,,
Pulmonary Embolism,Sex,Male,2025,0.438283279,0.359778004638488,0.516788553361512,,,,,,,
Pulmonary Embolism,Sex,Male,2026,0.438283279,0.342134346848549,0.534432211151451,,,,,,,
Pulmonary Embolism,Sex,Male,2027,0.438283279,0.327260055280129,0.549306502719871,,,,,,,
Pulmonary Embolism,Sex,Male,2028,0.438283279,0.314155541340601,0.562411016659399,,,,,,,
Pulmonary Embolism,Sex,Male,2029,0.438283279,0.302308155143727,0.574258402856273,,,,,,,
Pulmonary Embolism,Sex,Male,2030,0.438283279,0.291413359142267,0.585153198857733,,,,,,,
Pulmonary Embolism,Sex,Male,2031,0.438283279,0.281272730276976,0.595293827723024,,,,,,,
Pulmonary Embolism,Sex,Male,2032,0.438283279,0.271748443420193,0.604818114579807,,,,,,,
Pulmonary Embolism,Sex,Male,2033,0.438283279,0.262740148935388,0.613826409064612,,,,,,,
Pulmonary Embolism,Sex,Male,2034,0.438283279,0.254172090952751,0.622394467047249,,,,,,,
Pulmonary Embolism,Sex,Male,2035,0.438283279,0.245985414697097,0.630581143302903,,,,,,,
Pulmonary Embolism,Sex,Male,2036,0.438283279,0.238133316055347,0.638433241944653,,,,,,,
Pulmonary Embolism,Sex,Male,2037,0.438283279,0.230577846432544,0.645988711567456,,,,,,,
Pulmonary Embolism,Sex,Male,2038,0.438283279,0.223287730745339,0.653278827254661,,,,,,,
Pulmonary Embolism,Sex,Male,2039,0.438283279,0.216236831560258,0.660329726439742,,,,,,,
Pulmonary Embolism,Sex,Male,2040,0.438283279,0.209403039853196,0.667163518146804,,,,,,,
Pulmonary Embolism,Race and ethnicity,NH White,2024,0.402587833,0.355078273109263,0.450097392890737,,,,,,,
Pulmonary Embolism,Race and ethnicity,NH White,2025,0.402587833,0.335399169060143,0.469776496939857,,,,,,,
Pulmonary Embolism,Race and ethnicity,NH White,2026,0.402587833,0.320298861424007,0.484876804575993,,,,,,,
Pulmonary Embolism,Race and ethnicity,NH White,2027,0.402587833,0.307568713218526,0.497606952781474,,,,,,,
Pulmonary Embolism,Race and ethnicity,NH White,2028,0.402587833,0.296353227503215,0.508822438496785,,,,,,,
Pulmonary Embolism,Race and ethnicity,NH White,2029,0.402587833,0.286213653363497,0.518962012636503,,,,,,,
Pulmonary Embolism,Race and ethnicity,NH White,2030,0.402587833,0.276889352630981,0.528286313369019,,,,,,,
Pulmonary Embolism,Race and ethnicity,NH White,2031,0.402587833,0.268210505120286,0.536965160879714,,,,,,,
Pulmonary Embolism,Race and ethnicity,NH White,2032,0.402587833,0.260059153327789,0.545116512672211,,,,,,,
Pulmonary Embolism,Race and ethnicity,NH White,2033,0.402587833,0.252349413113091,0.552826252886909,,,,,,,
Pulmonary Embolism,Race and ethnicity,NH White,2034,0.402587833,0.245016448887507,0.560159217112493,,,,,,,
Pulmonary Embolism,Race and ethnicity,NH White,2035,0.402587833,0.238009889848014,0.567165776151986,,,,,,,
Pulmonary Embolism,Race and ethnicity,NH White,2036,0.402587833,0.23128967873922,0.57388598726078,,,,,,,
Pulmonary Embolism,Race and ethnicity,NH White,2037,0.402587833,0.224823337292445,0.580352328707555,,,,,,,
Pulmonary Embolism,Race and ethnicity,NH White,2038,0.402587833,0.218584098757532,0.586591567242468,,,,,,,
Pulmonary Embolism,Race and ethnicity,NH White,2039,0.402587833,0.212549593437052,0.592626072562948,,,,,,,
Pulmonary Embolism,Race and ethnicity,NH White,2040,0.402587833,0.206700899343883,0.598474766656117,,,,,,,
Pulmonary Embolism,Race and ethnicity,NH Black,2024,0.545642471960632,0.433264477231716,0.658020466689547,,,,,,,
Pulmonary Embolism,Race and ethnicity,NH Black,2025,0.545642471960632,0.433264477231716,0.658020466689547,,,,,,,
Pulmonary Embolism,Race and ethnicity,NH Black,2026,0.545642471960632,0.433264477231716,0.658020466689547,,,,,,,
Pulmonary Embolism,Race and ethnicity,NH Black,2027,0.545642471960632,0.433264477231716,0.658020466689547,,,,,,,
Pulmonary Embolism,Race and ethnicity,NH Black,2028,0.545642471960632,0.433264477231716,0.658020466689547,,,,,,,
Pulmonary Embolism,Race and ethnicity,NH Black,2029,0.545642471960632,0.433264477231716,0.658020466689547,,,,,,,
Pulmonary Embolism,Race and ethnicity,NH Black,2030,0.545642471960632,0.433264477231716,0.658020466689547,,,,,,,
Pulmonary Embolism,Race and ethnicity,NH Black,2031,0.545642471960632,0.433264477231716,0.658020466689547,,,,,,,
Pulmonary Embolism,Race and ethnicity,NH Black,2032,0.545642471960632,0.433264477231716,0.658020466689547,,,,,,,
Pulmonary Embolism,Race and ethnicity,NH Black,2033,0.545642471960632,0.433264477231716,0.658020466689547,,,,,,,
Pulmonary Embolism,Race and ethnicity,NH Black,2034,0.545642471960632,0.433264477231716,0.658020466689547,,,,,,,
Pulmonary Embolism,Race and ethnicity,NH Black,2035,0.545642471960632,0.433264477231716,0.658020466689547,,,,,,,
Pulmonary Embolism,Race and ethnicity,NH Black,2036,0.545642471960632,0.433264477231716,0.658020466689547,,,,,,,
Pulmonary Embolism,Race and ethnicity,NH Black,2037,0.545642471960632,0.433264477231716,0.658020466689547,,,,,,,
Pulmonary Embolism,Race and ethnicity,NH Black,2038,0.545642471960632,0.433264477231716,0.658020466689547,,,,,,,
Pulmonary Embolism,Race and ethnicity,NH Black,2039,0.545642471960632,0.433264477231716,0.658020466689547,,,,,,,
Pulmonary Embolism,Race and ethnicity,NH Black,2040,0.545642471960632,0.433264477231716,0.658020466689547,,,,,,,
Pulmonary Embolism,Age group,45-54 years,2024,0.30411985924307,0.25107521288397,0.357164505602171,,,,,,,
Pulmonary Embolism,Age group,45-54 years,2025,0.274656030845454,0.219651744606997,0.32966031708391,,,,,,,
Pulmonary Embolism,Age group,45-54 years,2026,0.308059483522925,0.238557985023773,0.377560982022077,,,,,,,
Pulmonary Embolism,Age group,45-54 years,2027,0.295841381637003,0.222876179210456,0.368806584063551,,,,,,,
Pulmonary Embolism,Age group,45-54 years,2028,0.316729948358155,0.234953852157351,0.398506044558959,,,,,,,
Pulmonary Embolism,Age group,45-54 years,2029,0.313593654095327,0.227707924866666,0.399479383323987,,,,,,,
Pulmonary Embolism,Age group,45-54 years,2030,0.32789173089985,0.235522435127003,0.420261026672696,,,,,,,
Pulmonary Embolism,Age group,45-54 years,2031,0.329538026088788,0.23290886875887,0.426167183418706,,,,,,,
Pulmonary Embolism,Age group,45-54 years,2032,0.340365471399522,0.238431918939801,0.442299023859243,,,,,,,
Pulmonary Embolism,Age group,45-54 years,2033,0.344530335888033,0.238415703322818,0.450644968453249,,,,,,,
Pulmonary Embolism,Age group,45-54 years,2034,0.353530104786535,0.242798363585994,0.464261845987076,,,,,,,
Pulmonary Embolism,Age group,45-54 years,2035,0.359021278250701,0.244275933054122,0.473766623447279,,,,,,,
Pulmonary Embolism,Age group,45-54 years,2036,0.367058570702536,0.248143405174377,0.485973736230695,,,,,,,
Pulmonary Embolism,Age group,45-54 years,2037,0.373248194473072,0.25051042247047,0.495985966475674,,,,,,,
Pulmonary Embolism,Age group,45-54 years,2038,0.380778635217357,0.254189242918352,0.507368027516363,,,,,,,
Pulmonary Embolism,Age group,45-54 years,2039,0.387336071344911,0.257110960884665,0.517561181805158,,,,,,,
Pulmonary Embolism,Age group,45-54 years,2040,0.394599597865648,0.26076553440422,0.528433661327076,,,,,,,
Pulmonary Embolism,Age group,55-64 years,2024,0.494548969635898,0.402537413573429,0.586560525698368,,,,,,,
Pulmonary Embolism,Age group,55-64 years,2025,0.506465924365915,0.403524103386235,0.609407745345595,,,,,,,
Pulmonary Embolism,Age group,55-64 years,2026,0.500527626651999,0.376595181147886,0.624460072156112,,,,,,,
Pulmonary Embolism,Age group,55-64 years,2027,0.503486719854751,0.366812763466923,0.640160676242579,,,,,,,
Pulmonary Embolism,Age group,55-64 years,2028,0.502012184052672,0.351392461394886,0.652631906710458,,,,,,,
Pulmonary Embolism,Age group,55-64 years,2029,0.502746955039132,0.340441868324696,0.665052041753568,,,,,,,
Pulmonary Embolism,Age group,55-64 years,2030,0.502380813775026,0.328680105270281,0.67608152227977,,,,,,,
Pulmonary Embolism,Age group,55-64 years,2031,0.50256326439944,0.318404231166069,0.686722297632812,,,,,,,
Pulmonary Embolism,Age group,55-64 years,2032,0.502472348041158,0.308307252745127,0.69663744333719,,,,,,,
Pulmonary Embolism,Age group,55-64 years,2033,0.502517652266506,0.2988900500819,0.706145254451112,,,,,,,
Pulmonary Embolism,Age group,55-64 years,2034,0.50249507687003,0.289800502581876,0.715189651158184,,,,,,,
Pulmonary Embolism,Age group,55-64 years,2035,0.502506326340077,0.281127811221567,0.723884841458587,,,,,,,
Pulmonary Embolism,Age group,55-64 years,2036,0.502500720654415,0.272760517865973,0.732240923442858,,,,,,,
Pulmonary Embolism,Age group,55-64 years,2037,0.502503514004823,0.264698226912273,0.740308801097372,,,,,,,
Pulmonary Embolism,Age group,55-64 years,2038,0.502502122059757,0.256895106460525,0.748109137658988,,,,,,,
Pulmonary Embolism,Age group,55-64 years,2039,0.50250281567523,0.249335025691315,0.755670605659146,,,,,,,
Pulmonary Embolism,Age group,55-64 years,2040,0.502502470042032,0.241992936652915,0.763012003431148,,,,,,,
Pulmonary Embolism,Age group,65-74 years,2024,0.78605421379945,0.628686780309955,0.943421647288946,,,,,,,
Pulmonary Embolism,Age group,65-74 years,2025,0.754289484326025,0.57884736643972,0.92973160221233,,,,,,,
Pulmonary Embolism,Age group,65-74 years,2026,0.738634106573356,0.559075995455891,0.918192217690821,,,,,,,
Pulmonary Embolism,Age group,65-74 years,2027,0.730918289167015,0.550374546246501,0.911462032087529,,,,,,,
Pulmonary Embolism,Age group,65-74 years,2028,0.727115516778604,0.546333169965147,0.907897863592061,,,,,,,
Pulmonary Embolism,Age group,65-74 years,2029,0.725241304744222,0.544401047331719,0.906081562156725,,,,,,,
Pulmonary Embolism,Age group,65-74 years,2030,0.724317591623624,0.543463270225685,0.905171913021562,,,,,,,
Pulmonary Embolism,Age group,65-74 years,2031,0.723862335807573,0.543004598359778,0.904720073255368,,,,,,,
Pulmonary Embolism,Age group,65-74 years,2032,0.723637961103537,0.542779393889269,0.904496528317805,,,,,,,
Pulmonary Embolism,Age group,65-74 years,2033,0.723527377106505,0.542668608338234,0.904386145874775,,,,,,,
Pulmonary Embolism,Age group,65-74 years,2034,0.723472875328097,0.542614057601349,0.904331693054845,,,,,,,
Pulmonary Embolism,Age group,65-74 years,2035,0.723446013902128,0.542587184283114,0.904304843521142,,,,,,,
Pulmonary Embolism,Age group,65-74 years,2036,0.723432775137703,0.542573942629997,0.90429160764541,,,,,,,
Pulmonary Embolism,Age group,65-74 years,2037,0.723426250358129,0.542567417148744,0.904285083567514,,,,,,,
Pulmonary Embolism,Age group,65-74 years,2038,0.723423034593642,0.542564201213815,0.904281867973469,,,,,,,
Pulmonary Embolism,Age group,65-74 years,2039,0.723421449690869,0.542562616269642,0.904280283112097,,,,,,,
Pulmonary Embolism,Age group,65-74 years,2040,0.72342066856501,0.542561835133726,0.904279501996294,,,,,,,
Pulmonary Embolism,Age group,75-84 years,2024,1.36095740727824,1.10043792550923,1.62147688904726,,,,,,,
Pulmonary Embolism,Age group,75-84 years,2025,1.32182217346164,1.03627167655662,1.60737267036666,,,,,,,
Pulmonary Embolism,Age group,75-84 years,2026,1.30425948048734,1.01392884741378,1.59459011356089,,,,,,,
Pulmonary Embolism,Age group,75-84 years,2027,1.29637788238689,1.00509404879756,1.58766171597622,,,,,,,
Pulmonary Embolism,Age group,75-84 years,2028,1.29284086282457,1.00136543755804,1.58431628809111,,,,,,,
Pulmonary Embolism,Age group,75-84 years,2029,1.29125355689693,0.999739561465074,1.58276755232878,,,,,,,
Pulmonary Embolism,Age group,75-84 years,2030,1.29054122266649,0.999019460055252,1.58206298527773,,,,,,,
Pulmonary Embolism,Age group,75-84 years,2031,1.29022154890543,0.998698222056531,1.58174487575433,,,,,,,
Pulmonary Embolism,Age group,75-84 years,2032,1.29007808912329,0.998554447247451,1.58160173099913,,,,,,,
Pulmonary Embolism,Age group,75-84 years,2033,1.29001370877182,0.998490003451514,1.58153741409212,,,,,,,
Pulmonary Embolism,Age group,75-84 years,2034,1.28998481684411,0.998461098746473,1.58150853494174,,,,,,,
Pulmonary Embolism,Age group,75-84 years,2035,1.28997185103283,0.998448130361922,1.58149557170374,,,,,,,
Pulmonary Embolism,Age group,75-84 years,2036,1.28996603237429,0.998442311185137,1.58148975356344,,,,,,,
Pulmonary Embolism,Age group,75-84 years,2037,1.28996342113875,0.998439699845224,1.58148714243227,,,,,,,
Pulmonary Embolism,Age group,75-84 years,2038,1.2899622492963,0.998438527981758,1.58148597061084,,,,,,,
Pulmonary Embolism,Age group,75-84 years,2039,1.28996172340934,0.998438002090566,1.58148544472812,,,,,,,
Pulmonary Embolism,Age group,75-84 years,2040,1.2899614874074,0.998437766087771,1.58148520872703,,,,,,,
Pulmonary Embolism,Age group,85+ years,2024,1.95892665887512,1.45174253473142,2.46611078301881,,,,,,,
Pulmonary Embolism,Age group,85+ years,2025,1.81175671142583,1.2709794542764,2.35253396857526,,,,,,,
Pulmonary Embolism,Age group,85+ years,2026,1.75731254184621,1.21209885024776,2.30252623344467,,,,,,,
Pulmonary Embolism,Age group,85+ years,2027,1.7371714216475,1.19135338164549,2.28298946164951,,,,,,,
Pulmonary Embolism,Age group,85+ years,2028,1.72972039932516,1.18381970254302,2.2756210961073,,,,,,,
Pulmonary Embolism,Age group,85+ years,2029,1.72696396209127,1.18105195418964,2.2728759699929,,,,,,,
Pulmonary Embolism,Age group,85+ years,2030,1.72594424346801,1.18003068758775,2.27185779934828,,,,,,,
Pulmonary Embolism,Age group,85+ years,2031,1.72556700793447,1.17965324020407,2.27148077566487,,,,,,,
Pulmonary Embolism,Age group,85+ years,2032,1.72542745311559,1.1795136563922,2.27134124983899,,,,,,,
Pulmonary Embolism,Age group,85+ years,2033,1.72537582609285,1.17946202540158,2.27128962678412,,,,,,,
Pulmonary Embolism,Age group,85+ years,2034,1.72535672715023,1.17944292591593,2.27127052838453,,,,,,,
Pulmonary Embolism,Age group,85+ years,2035,1.72534966167193,1.17943586036331,2.27126346298054,,,,,,,
Pulmonary Embolism,Age group,85+ years,2036,1.72534704786316,1.17943324654438,2.27126084918195,,,,,,,
Pulmonary Embolism,Age group,85+ years,2037,1.72534608090863,1.17943227958845,2.27125988222881,,,,,,,
Pulmonary Embolism,Age group,85+ years,2038,1.72534572319269,1.17943192187232,2.27125952451305,,,,,,,
Pulmonary Embolism,Age group,85+ years,2039,1.72534559085896,1.17943178953857,2.27125939217935,,,,,,,
Pulmonary Embolism,Age group,85+ years,2040,1.72534554190331,1.17943174058292,2.27125934322371,,,,,,,
Pulmonary Embolism,Census region,South,2024,0.419994432,0.347128653268271,0.492860210731729,,,,,,,
Pulmonary Embolism,Census region,South,2025,0.419994432,0.316946659484712,0.523042204515288,,,,,,,
Pulmonary Embolism,Census region,South,2026,0.419994432,0.293787201103574,0.546201662896426,,,,,,,
Pulmonary Embolism,Census region,South,2027,0.419994432,0.274262874536542,0.565725989463457,,,,,,,
Pulmonary Embolism,Census region,South,2028,0.419994432,0.257061597522396,0.582927266477604,,,,,,,
Pulmonary Embolism,Census region,South,2029,0.419994432,0.241510454396722,0.598478409603278,,,,,,,
Pulmonary Embolism,Census region,South,2030,0.419994432,0.227209702388786,0.612779161611214,,,,,,,
Pulmonary Embolism,Census region,South,2031,0.419994432,0.213898886969424,0.626089977030576,,,,,,,
Pulmonary Embolism,Census region,South,2032,0.419994432,0.201397095804814,0.638591768195186,,,,,,,
Pulmonary Embolism,Census region,South,2033,0.419994432,0.189572607725882,0.650416256274118,,,,,,,
Pulmonary Embolism,Census region,South,2034,0.419994432,0.178325983889797,0.661662880110203,,,,,,,
Pulmonary Embolism,Census region,South,2035,0.419994432,0.167579970207148,0.672408893792852,,,,,,,
Pulmonary Embolism,Census region,South,2036,0.419994432,0.157273130556139,0.682715733443861,,,,,,,
Pulmonary Embolism,Census region,South,2037,0.419994432,0.147355652765392,0.692633211234608,,,,,,,
Pulmonary Embolism,Census region,South,2038,0.419994432,0.13778648446358,0.70220237953642,,,,,,,
Pulmonary Embolism,Census region,South,2039,0.419994432,0.128531317073085,0.711457546926915,,,,,,,
Pulmonary Embolism,Census region,South,2040,0.419994432,0.119561129796197,0.720427734203803,,,,,,,
Pulmonary Embolism,Census region,Northeast,2024,0.27593963101486,0.206147911582731,0.345731350446988,,,,,,,
Pulmonary Embolism,Census region,Northeast,2025,0.27593963101486,0.206147911582731,0.345731350446988,,,,,,,
Pulmonary Embolism,Census region,Northeast,2026,0.27593963101486,0.206147911582731,0.345731350446988,,,,,,,
Pulmonary Embolism,Census region,Northeast,2027,0.27593963101486,0.206147911582731,0.345731350446988,,,,,,,
Pulmonary Embolism,Census region,Northeast,2028,0.27593963101486,0.206147911582731,0.345731350446988,,,,,,,
Pulmonary Embolism,Census region,Northeast,2029,0.27593963101486,0.206147911582731,0.345731350446988,,,,,,,
Pulmonary Embolism,Census region,Northeast,2030,0.27593963101486,0.206147911582731,0.345731350446988,,,,,,,
Pulmonary Embolism,Census region,Northeast,2031,0.27593963101486,0.206147911582731,0.345731350446988,,,,,,,
Pulmonary Embolism,Census region,Northeast,2032,0.27593963101486,0.206147911582731,0.345731350446988,,,,,,,
Pulmonary Embolism,Census region,Northeast,2033,0.27593963101486,0.206147911582731,0.345731350446988,,,,,,,
Pulmonary Embolism,Census region,Northeast,2034,0.27593963101486,0.206147911582731,0.345731350446988,,,,,,,
Pulmonary Embolism,Census region,Northeast,2035,0.27593963101486,0.206147911582731,0.345731350446988,,,,,,,
Pulmonary Embolism,Census region,Northeast,2036,0.27593963101486,0.206147911582731,0.345731350446988,,,,,,,
Pulmonary Embolism,Census region,Northeast,2037,0.27593963101486,0.206147911582731,0.345731350446988,,,,,,,
Pulmonary Embolism,Census region,Northeast,2038,0.27593963101486,0.206147911582731,0.345731350446988,,,,,,,
Pulmonary Embolism,Census region,Northeast,2039,0.27593963101486,0.206147911582731,0.345731350446988,,,,,,,
Pulmonary Embolism,Census region,Northeast,2040,0.27593963101486,0.206147911582731,0.345731350446988,,,,,,,
Sepsis,Overall,Both,2024,1.095577121,1.00711877876113,1.18403546323887,,,,,,,
Sepsis,Overall,Both,2025,1.095577121,0.970478133700756,1.22067610829924,,,,,,,
Sepsis,Overall,Both,2026,1.095577121,0.942362777888969,1.24879146411103,,,,,,,
Sepsis,Overall,Both,2027,1.095577121,0.918660436522269,1.27249380547773,,,,,,,
Sepsis,Overall,Both,2028,1.095577121,0.897778254576956,1.29337598742304,,,,,,,
Sepsis,Overall,Both,2029,1.095577121,0.878899319022296,1.3122549229777,,,,,,,
Sepsis,Overall,Both,2030,1.095577121,0.861538346046922,1.32961589595308,,,,,,,
Sepsis,Overall,Both,2031,1.095577121,0.845379146401512,1.34577509559849,,,,,,,
Sepsis,Overall,Both,2032,1.095577121,0.830202094283404,1.3609521477166,,,,,,,
Sepsis,Overall,Both,2033,1.095577121,0.815847281482507,1.37530696051749,,,,,,,
Sepsis,Overall,Both,2034,1.095577121,0.802193990216837,1.38896025178316,,,,,,,
Sepsis,Overall,Both,2035,1.095577121,0.789148434777939,1.40200580722206,,,,,,,
Sepsis,Overall,Both,2036,1.095577121,0.776636032315229,1.41451820968477,,,,,,,
Sepsis,Overall,Both,2037,1.095577121,0.764596311340172,1.42655793065983,,,,,,,
Sepsis,Overall,Both,2038,1.095577121,0.752979434675759,1.43817480732424,,,,,,,
Sepsis,Overall,Both,2039,1.095577121,0.741743752044539,1.44941048995546,,,,,,,
Sepsis,Overall,Both,2040,1.095577121,0.730854032482122,1.46030020951788,,,,,,,
Sepsis,Sex,Female,2024,0.898770689,0.816378289913357,0.981163088086643,,,,,,,
Sepsis,Sex,Female,2025,0.898770689,0.782250240775213,1.01529113722479,,,,,,,
Sepsis,Sex,Female,2026,0.898770689,0.756062867624443,1.04147851037556,,,,,,,
Sepsis,Sex,Female,2027,0.898770689,0.733985890826714,1.06355548717329,,,,,,,
Sepsis,Sex,Female,2028,0.898770689,0.714535683812974,1.08300569418703,,,,,,,
Sepsis,Sex,Female,2029,0.898770689,0.69695135255397,1.10059002544603,,,,,,,
Sepsis,Sex,Female,2030,0.898770689,0.680780891094757,1.11676048690524,,,,,,,
Sepsis,Sex,Female,2031,0.898770689,0.665729792550426,1.13181158544957,,,,,,,
Sepsis,Sex,Female,2032,0.898770689,0.651593491740071,1.14594788625993,,,,,,,
Sepsis,Sex,Female,2033,0.898770689,0.638223046000631,1.15931833199937,,,,,,,
Sepsis,Sex,Female,2034,0.898770689,0.625506015652384,1.17203536234762,,,,,,,
Sepsis,Sex,Female,2035,0.898770689,0.613355046248885,1.18418633175111,,,,,,,
Sepsis,Sex,Female,2036,0.898770689,0.601700669384616,1.19584070861538,,,,,,,
Sepsis,Sex,Female,2037,0.898770689,0.590486560343435,1.20705481765656,,,,,,,
Sepsis,Sex,Female,2038,0.898770689,0.579666299483356,1.21787507851664,,,,,,,
Sepsis,Sex,Female,2039,0.898770689,0.569201092653428,1.22834028534657,,,,,,,
Sepsis,Sex,Female,2040,0.898770689,0.559058124817727,1.23848325318227,,,,,,,
Sepsis,Sex,Male,2024,1.324273871,1.20322929350919,1.44531844849081,,,,,,,
Sepsis,Sex,Male,2025,1.324273871,1.15309098786078,1.49545675413922,,,,,,,
Sepsis,Sex,Male,2026,1.324273871,1.11461851280521,1.53392922919479,,,,,,,
Sepsis,Sex,Male,2027,1.324273871,1.08218471601838,1.56636302598162,,,,,,,
Sepsis,Sex,Male,2028,1.324273871,1.05360996742281,1.59493777457719,,,,,,,
Sepsis,Sex,Male,2029,1.324273871,1.02777642001674,1.62077132198326,,,,,,,
Sepsis,Sex,Male,2030,1.324273871,1.00402002140643,1.64452772059357,,,,,,,
Sepsis,Sex,Male,2031,1.324273871,0.981908104721552,1.66663963727845,,,,,,,
Sepsis,Sex,Male,2032,1.324273871,0.961140138527571,1.68740760347243,,,,,,,
Sepsis,Sex,Male,2033,1.324273871,0.941497307716292,1.70705043428371,,,,,,,
Sepsis,Sex,Male,2034,1.324273871,0.922814424555885,1.72573331744411,,,,,,,
Sepsis,Sex,Male,2035,1.324273871,0.904963154610419,1.74358458738958,,,,,,,
Sepsis,Sex,Male,2036,1.324273871,0.887841440240012,1.76070630175999,,,,,,,
Sepsis,Sex,Male,2037,1.324273871,0.871366533502581,1.77718120849742,,,,,,,
Sepsis,Sex,Male,2038,1.324273871,0.855470238229381,1.79307750377062,,,,,,,
Sepsis,Sex,Male,2039,1.324273871,0.840095561036761,1.80845218096324,,,,,,,
Sepsis,Sex,Male,2040,1.324273871,0.82519429259713,1.82335344940287,,,,,,,
Sepsis,Race and ethnicity,NH White,2024,1.002431589,0.914354774084829,1.09050840391517,,,,,,,
Sepsis,Race and ethnicity,NH White,2025,1.002431589,0.87787216281634,1.12699101518366,,,,,,,
Sepsis,Race and ethnicity,NH White,2026,1.002431589,0.849878070598084,1.15498510740192,,,,,,,
Sepsis,Race and ethnicity,NH White,2027,1.002431589,0.826277959169658,1.17858521883034,,,,,,,
Sepsis,Race and ethnicity,NH White,2028,1.002431589,0.80548584360801,1.19937733439199,,,,,,,
Sepsis,Race and ethnicity,NH White,2029,1.002431589,0.786688334288276,1.21817484371172,,,,,,,
Sepsis,Race and ethnicity,NH White,2030,1.002431589,0.769402240463793,1.23546093753621,,,,,,,
Sepsis,Race and ethnicity,NH White,2031,1.002431589,0.753312736632681,1.25155044136732,,,,,,,
Sepsis,Race and ethnicity,NH White,2032,1.002431589,0.738201144254487,1.26666203374551,,,,,,,
Sepsis,Race and ethnicity,NH White,2033,1.002431589,0.72390824481497,1.28095493318503,,,,,,,
Sepsis,Race and ethnicity,NH White,2034,1.002431589,0.7103138411968,1.2945493368032,,,,,,,
Sepsis,Race and ethnicity,NH White,2035,1.002431589,0.697324552196168,1.30753862580383,,,,,,,
Sepsis,Race and ethnicity,NH White,2036,1.002431589,0.6848661166438,1.3199970613562,,,,,,,
Sepsis,Race and ethnicity,NH White,2037,1.002431589,0.67287832386913,1.33198485413087,,,,,,,
Sepsis,Race and ethnicity,NH White,2038,1.002431589,0.66131155164655,1.34355162635345,,,,,,,
Sepsis,Race and ethnicity,NH White,2039,1.002431589,0.650124329339316,1.35473884866068,,,,,,,
Sepsis,Race and ethnicity,NH White,2040,1.002431589,0.639281577936773,1.36558160006323,,,,,,,
Sepsis,Race and ethnicity,NH Black,2024,1.61363827476738,1.33214278672858,1.89513376280618,,,,,,,
Sepsis,Race and ethnicity,NH Black,2025,1.61363827476738,1.30671480814415,1.9205617413906,,,,,,,
Sepsis,Race and ethnicity,NH Black,2026,1.61363827476738,1.28323803423805,1.9440385152967,,,,,,,
Sepsis,Race and ethnicity,NH Black,2027,1.61363827476738,1.26132219009389,1.96595435944086,,,,,,,
Sepsis,Race and ethnicity,NH Black,2028,1.61363827476738,1.24069199432276,1.98658455521199,,,,,,,
Sepsis,Race and ethnicity,NH Black,2029,1.61363827476738,1.22114466631587,2.00613188321889,,,,,,,
Sepsis,Race and ethnicity,NH Black,2030,1.61363827476738,1.20252571444708,2.02475083508767,,,,,,,
Sepsis,Race and ethnicity,NH Black,2031,1.61363827476738,1.18471422341222,2.04256232612253,,,,,,,
Sepsis,Race and ethnicity,NH Black,2032,1.61363827476738,1.1676134476459,2.05966310188885,,,,,,,
Sepsis,Race and ethnicity,NH Black,2033,1.61363827476738,1.15114454401359,2.07613200552116,,,,,,,
Sepsis,Race and ethnicity,NH Black,2034,1.61363827476738,1.1352422509917,2.09203429854305,,,,,,,
Sepsis,Race and ethnicity,NH Black,2035,1.61363827476738,1.11985182280439,2.10742472673036,,,,,,,
Sepsis,Race and ethnicity,NH Black,2036,1.61363827476738,1.10492679984273,2.12234974969202,,,,,,,
Sepsis,Race and ethnicity,NH Black,2037,1.61363827476738,1.09042735238729,2.13684919714747,,,,,,,
Sepsis,Race and ethnicity,NH Black,2038,1.61363827476738,1.07631902713554,2.15095752239921,,,,,,,
Sepsis,Race and ethnicity,NH Black,2039,1.61363827476738,1.06257178290504,2.16470476662971,,,,,,,
Sepsis,Race and ethnicity,NH Black,2040,1.61363827476738,1.04915923792785,2.1781173116069,,,,,,,
Sepsis,Age group,35-44 years,2024,0.271038260375,0.235080776425964,0.306995744324036,,,,,,,
Sepsis,Age group,35-44 years,2025,0.27850775875,0.227656197280461,0.329359320219539,,,,,,,
Sepsis,Age group,35-44 years,2026,0.285977257125,0.223697068012928,0.348257446237072,,,,,,,
Sepsis,Age group,35-44 years,2027,0.2934467555,0.221531787601929,0.365361723398071,,,,,,,
Sepsis,Age group,35-44 years,2028,0.300916253875,0.220512875465099,0.381319632284901,,,,,,,
Sepsis,Age group,35-44 years,2029,0.30838575225,0.220308264140546,0.396463240359454,,,,,,,
Sepsis,Age group,35-44 years,2030,0.315855250625,0.220720690324255,0.410989810925745,,,,,,,
Sepsis,Age group,35-44 years,2031,0.323324749,0.221621626060922,0.425027871939078,,,,,,,
Sepsis,Age group,35-44 years,2032,0.330794247375,0.222921795527893,0.438666699222107,,,,,,,
Sepsis,Age group,35-44 years,2033,0.33826374575,0.224556197542101,0.451971293957899,,,,,,,
Sepsis,Age group,35-44 years,2034,0.345733244125,0.226475761460822,0.464990726789178,,,,,,,
Sepsis,Age group,35-44 years,2035,0.3532027425,0.228642364275855,0.477763120724145,,,,,,,
Sepsis,Age group,35-44 years,2036,0.360672240875,0.231025688760078,0.490318792989922,,,,,,,
Sepsis,Age group,35-44 years,2037,0.36814173925,0.233601153822285,0.502682324677715,,,,,,,
Sepsis,Age group,35-44 years,2038,0.375611237625,0.236348501118864,0.514873974131136,,,,,,,
Sepsis,Age group,35-44 years,2039,0.383080736,0.239250800203857,0.526910671796143,,,,,,,
Sepsis,Age group,35-44 years,2040,0.390550234375,0.242293730021674,0.538806738728326,,,,,,,
Sepsis,Age group,45-54 years,2024,0.770735364842577,0.695128869215583,0.84634186046957,,,,,,,
Sepsis,Age group,45-54 years,2025,0.798076218696513,0.70194389924207,0.894208538150956,,,,,,,
Sepsis,Age group,45-54 years,2026,0.825319613513084,0.721851043033103,0.928788183993065,,,,,,,
Sepsis,Age group,45-54 years,2027,0.839755154370873,0.725661792884331,0.953848515857416,,,,,,,
Sepsis,Age group,45-54 years,2028,0.856972476580558,0.731238612157314,0.982706341003802,,,,,,,
Sepsis,Age group,45-54 years,2029,0.877758367946603,0.742950169116768,1.01256656677644,,,,,,,
Sepsis,Age group,45-54 years,2030,0.896873222637016,0.753781002695785,1.03996544257825,,,,,,,
Sepsis,Age group,45-54 years,2031,0.915186170686196,0.763777649117948,1.06659469225444,,,,,,,
Sepsis,Age group,45-54 years,2032,0.934214822439301,0.774959202578111,1.09347044230049,,,,,,,
Sepsis,Age group,45-54 years,2033,0.953350626728624,0.786754208865595,1.11994704459165,,,,,,,
Sepsis,Age group,45-54 years,2034,0.972230634379746,0.798564755912407,1.14589651284708,,,,,,,
Sepsis,Age group,45-54 years,2035,0.991130713957491,0.810638894499608,1.17162253341537,,,,,,,
Sepsis,Age group,45-54 years,2036,1.01010968386263,0.823059449825052,1.1971599179002,,,,,,,
Sepsis,Age group,45-54 years,2037,1.0290651859895,0.835685042450497,1.2224453295285,,,,,,,
Sepsis,Age group,45-54 years,2038,1.04800006729718,0.848483778243081,1.24751635635129,,,,,,,
Sepsis,Age group,45-54 years,2039,1.06694700937852,0.861477293399971,1.27241672535706,,,,,,,
Sepsis,Age group,45-54 years,2040,1.08589806889528,0.874644868438905,1.29715126935166,,,,,,,
Sepsis,Age group,55-64 years,2024,1.617511712,1.42758376891047,1.80743965508953,,,,,,,
Sepsis,Age group,55-64 years,2025,1.617511712,1.34891303900917,1.88611038499083,,,,,,,
Sepsis,Age group,55-64 years,2026,1.617511712,1.28854686479189,1.94647655920811,,,,,,,
Sepsis,Age group,55-64 years,2027,1.617511712,1.23765582582095,1.99736759817905,,,,,,,
Sepsis,Age group,55-64 years,2028,1.617511712,1.19281992042511,2.04220350357489,,,,,,,
Sepsis,Age group,55-64 years,2029,1.617511712,1.1522851635343,2.0827382604657,,,,,,,
Sepsis,Age group,55-64 years,2030,1.617511712,1.11500960756308,2.12001381643692,,,,,,,
Sepsis,Age group,55-64 years,2031,1.617511712,1.08031436601833,2.15470905798167,,,,,,,
Sepsis,Age group,55-64 years,2032,1.617511712,1.04772788273142,2.18729554126858,,,,,,,
Sepsis,Age group,55-64 years,2033,1.617511712,1.01690682052626,2.21811660347374,,,,,,,
Sepsis,Age group,55-64 years,2034,1.617511712,0.987591987568066,2.24743143643193,,,,,,,
Sepsis,Age group,55-64 years,2035,1.617511712,0.959582017583779,2.27544140641622,,,,,,,
Sepsis,Age group,55-64 years,2036,1.617511712,0.932716774547305,2.30230664945269,,,,,,,
Sepsis,Age group,55-64 years,2037,1.617511712,0.906866420784292,2.32815700321571,,,,,,,
Sepsis,Age group,55-64 years,2038,1.617511712,0.881923951434833,2.35309947256517,,,,,,,
Sepsis,Age group,55-64 years,2039,1.617511712,0.857799939641893,2.37722348435811,,,,,,,
Sepsis,Age group,55-64 years,2040,1.617511712,0.834418741385582,2.40060468261442,,,,,,,
Sepsis,Age group,65-74 years,2024,2.588994226,2.30654262405747,2.87144582794253,,,,,,,
Sepsis,Age group,65-74 years,2025,2.588994226,2.18954733981887,2.98844111218113,,,,,,,
Sepsis,Age group,65-74 years,2026,2.588994226,2.09977370075633,3.07821475124367,,,,,,,
Sepsis,Age group,65-74 years,2027,2.588994226,2.02409102211495,3.15389742988505,,,,,,,
Sepsis,Age group,65-74 years,2028,2.588994226,1.9574132437028,3.2205752082972,,,,,,,
Sepsis,Age group,65-74 years,2029,2.588994226,1.89713192420911,3.28085652779089,,,,,,,
Sepsis,Age group,65-74 years,2030,2.588994226,1.84169752984827,3.33629092215173,,,,,,,
Sepsis,Age group,65-74 years,2031,2.588994226,1.79010045363775,3.38788799836225,,,,,,,
Sepsis,Age group,65-74 years,2032,2.588994226,1.74163942017242,3.43634903182758,,,,,,,
Sepsis,Age group,65-74 years,2033,2.588994226,1.69580383509838,3.48218461690162,,,,,,,
Sepsis,Age group,65-74 years,2034,2.588994226,1.65220824092182,3.52578021107818,,,,,,,
Sepsis,Age group,65-74 years,2035,2.588994226,1.61055317551265,3.56743527648735,,,,,,,
Sepsis,Age group,65-74 years,2036,2.588994226,1.57060049235928,3.60738795964072,,,,,,,
Sepsis,Age group,65-74 years,2037,2.588994226,1.53215710318562,3.64583134881438,,,,,,,
Sepsis,Age group,65-74 years,2038,2.588994226,1.49506387556699,3.68292457643301,,,,,,,
Sepsis,Age group,65-74 years,2039,2.588994226,1.4591878182299,3.7188006337701,,,,,,,
Sepsis,Age group,65-74 years,2040,2.588994226,1.42441643706605,3.75357201493395,,,,,,,
Sepsis,Age group,75-84 years,2024,3.40180777455287,2.93867610632216,3.86493944278359,,,,,,,
Sepsis,Age group,75-84 years,2025,3.30800078723866,2.81584681558311,3.8001547588942,,,,,,,
Sepsis,Age group,75-84 years,2026,3.21419379992444,2.69463617894821,3.73375142090067,,,,,,,
Sepsis,Age group,75-84 years,2027,3.12038681261023,2.5748002372506,3.66597338796985,,,,,,,
Sepsis,Age group,75-84 years,2028,3.02657982529601,2.45615077544774,3.59700887514428,,,,,,,
Sepsis,Age group,75-84 years,2029,2.93277283798179,2.33853896936695,3.52700670659663,,,,,,,
Sepsis,Age group,75-84 years,2030,2.83896585066758,2.2218447277856,3.45608697354956,,,,,,,
Sepsis,Age group,75-84 years,2031,2.74515886335336,2.10596947826841,3.38434824843831,,,,,,,
Sepsis,Age group,75-84 years,2032,2.65135187603915,1.9908311271573,3.31187262492099,,,,,,,
Sepsis,Age group,75-84 years,2033,2.55754488872493,1.87636044277685,3.23872933467301,,,,,,,
Sepsis,Age group,75-84 years,2034,2.46373790141071,1.76249839945739,3.16497740336404,,,,,,,
Sepsis,Age group,75-84 years,2035,2.3699309140965,1.64919418768531,3.09066764050768,,,,,,,
Sepsis,Age group,75-84 years,2036,2.27612392678228,1.5364036969007,3.01584415666387,,,,,,,
Sepsis,Age group,75-84 years,2037,2.18231693946807,1.42408834056519,2.94054553837095,,,,,,,
Sepsis,Age group,75-84 years,2038,2.08850995215385,1.31221413360761,2.86480577070009,,,,,,,
Sepsis,Age group,75-84 years,2039,1.99470296483963,1.20075095899133,2.78865497068794,,,,,,,
Sepsis,Age group,75-84 years,2040,1.90089597752542,1.08967197807231,2.71211997697853,,,,,,,
Sepsis,Age group,85+ years,2024,4.80298436131921,3.84329089413068,5.76267782850775,,,,,,,
Sepsis,Age group,85+ years,2025,4.6329474302161,3.5527242728988,5.7131705875334,,,,,,,
Sepsis,Age group,85+ years,2026,4.46291049911299,3.27431780678952,5.65150319143646,,,,,,,
Sepsis,Age group,85+ years,2027,4.29287356800988,3.00499814434307,5.58074899167668,,,,,,,
Sepsis,Age group,85+ years,2028,4.12283663690676,2.74280271503196,5.50287055878157,,,,,,,
Sepsis,Age group,85+ years,2029,3.95279970580365,2.48638770906966,5.41921170253764,,,,,,,
Sepsis,Age group,85+ years,2030,3.78276277470054,2.23478517059718,5.33074037880389,,,,,,,
Sepsis,Age group,85+ years,2031,3.61272584359743,1.98727046695808,5.23818122023677,,,,,,,
Sepsis,Age group,85+ years,2032,3.44268891249431,1.74328439911736,5.14209342587127,,,,,,,
Sepsis,Age group,85+ years,2033,3.2726519813912,1.5023847081451,5.0429192546373,,,,,,,
Sepsis,Age group,85+ years,2034,3.10261505028809,1.26421445809759,4.94101564247858,,,,,,,
Sepsis,Age group,85+ years,2035,2.93257811918497,1.02848062798171,4.83667561038824,,,,,,,
Sepsis,Age group,85+ years,2036,2.76254118808186,0.794939151427404,4.73014322473632,,,,,,,
Sepsis,Age group,85+ years,2037,2.59250425697875,0.563384178401098,4.6216243355564,,,,,,,
Sepsis,Age group,85+ years,2038,2.42246732587564,0.333640187999653,4.51129446375162,,,,,,,
Sepsis,Age group,85+ years,2039,2.25243039477252,0.105556078337727,4.39930471120732,,,,,,,
Sepsis,Age group,85+ years,2040,2.08239346366941,-0.120999340441462,4.28578626778028,,,,,,,
Sepsis,Census region,South,2024,1.16334207235337,1.08484254547136,1.24184159923539,,,,,,,
Sepsis,Census region,South,2025,1.1533129943457,1.04893268461691,1.25769330407448,,,,,,,
Sepsis,Census region,South,2026,1.14452346567703,1.02398031730757,1.26506661404649,,,,,,,
Sepsis,Census region,South,2027,1.13682028357412,1.00520361593712,1.26843695121112,,,,,,,
Sepsis,Census region,South,2028,1.13006918044364,0.990542596292422,1.26959576459487,,,,,,,
Sepsis,Census region,South,2029,1.12415248356831,0.978842487933546,1.26946247920308,,,,,,,
Sepsis,Census region,South,2030,1.1189670640542,0.969366657208515,1.26856747089988,,,,,,,
Sepsis,Census region,South,2031,1.11442253927899,0.96160850416698,1.267236574391,,,,,,,
Sepsis,Census region,South,2032,1.11043969750963,0.955202489761777,1.26567690525749,,,,,,,
Sepsis,Census region,South,2033,1.10694911723019,0.949876088801605,1.26402214565878,,,,,,,
Sepsis,Census region,South,2034,1.10388995711468,0.945421303188275,1.26235861104108,,,,,,,
Sepsis,Census region,South,2035,1.10120889555381,0.9416765730396,1.26074121806802,,,,,,,
Sepsis,Census region,South,2036,1.09885920125154,0.938514682181445,1.25920372032163,,,,,,,
Sepsis,Census region,South,2037,1.0967999186917,0.93583434652343,1.25776549085996,,,,,,,
Sepsis,Census region,South,2038,1.09499515427739,0.933554182953658,1.25643612560112,,,,,,,
Sepsis,Census region,South,2039,1.09341345070029,0.931608280954477,1.2552186204461,,,,,,,
Sepsis,Census region,South,2040,1.09202723863517,0.929942889296552,1.25411158797378,,,,,,,
Sepsis,Census region,Northeast,2024,0.95260296,0.836075013120515,1.06913090687948,,,,,,,
Sepsis,Census region,Northeast,2025,0.95260296,0.787807557127541,1.11739836287246,,,,,,,
Sepsis,Census region,Northeast,2026,0.95260296,0.750770635503045,1.15443528449695,,,,,,,
Sepsis,Census region,Northeast,2027,0.95260296,0.71954706624103,1.18565885375897,,,,,,,
Sepsis,Census region,Northeast,2028,0.95260296,0.692038549498988,1.21316737050101,,,,,,,
Sepsis,Census region,Northeast,2029,0.95260296,0.667168949371119,1.23803697062888,,,,,,,
Sepsis,Census region,Northeast,2030,0.95260296,0.644298991767938,1.26090692823206,,,,,,,
Sepsis,Census region,Northeast,2031,0.95260296,0.623012154255082,1.28219376574492,,,,,,,
Sepsis,Census region,Northeast,2032,0.95260296,0.603019119361546,1.30218680063845,,,,,,,
Sepsis,Census region,Northeast,2033,0.95260296,0.584109236797718,1.32109668320228,,,,,,,
Sepsis,Census region,Northeast,2034,0.95260296,0.566123482610284,1.33908243738972,,,,,,,
Sepsis,Census region,Northeast,2035,0.95260296,0.54893831100609,1.35626760899391,,,,,,,
Sepsis,Census region,Northeast,2036,0.95260296,0.532455472501474,1.37275044749853,,,,,,,
Sepsis,Census region,Northeast,2037,0.95260296,0.516595306792774,1.38861061320723,,,,,,,
Sepsis,Census region,Northeast,2038,0.95260296,0.501292162368013,1.40391375763199,,,,,,,
Sepsis,Census region,Northeast,2039,0.95260296,0.486491172482061,1.41871474751794,,,,,,,
Sepsis,Census region,Northeast,2040,0.95260296,0.472145926679521,1.43305999332048,,,,,,,
"Abbreviations: HF, heart failure; IHD, ischemic heart disease; NH, non-Hispanic; PE, pulmonary embolism. Rates are expressed per 100,000 population. Age-group forecasts are age-specific mortality rates; all other forecasts are age-adjusted mortality rates. Prediction limits are 95% prediction limits. All values were generated from the final models reported in eTable 4.",,,,,,,,,,,,,
